,enumerator,geo_location,district,well_type,sw_bk_well_no,bk_dw_no,well_no_sw_bardiya,well_no_dw_bardiya,measurement_point_cm,Measurement_of_tape_ent_point_MP_in_m,wet_point_measruement_on_tape,gw_level,Notes,today,Audio_Notes,well_no,Month
0,Anita,28.0730454 81.5542845 77.85358932485494 4.551,Bardiya,sw,,,bd-sw-16,,60,4.0,1.9,1.5,,2021-08-09,,bd-sw-16,Aug
1,Anita,28.0731736 81.5542198 78.23443176682117 15.473,Bardiya,sw,,,bd-sw-15,,55,3.0,1.8,0.65,,2021-08-09,,bd-sw-15,Aug
2,Anita,28.0730752 81.5541683 99.01915621465078 13.653,Bardiya,sw,,,bd-sw-14,,10,3.0,2.0,0.9,,2021-08-09,,bd-sw-14,Aug
3,Anita,28.1901003 81.4801999 95.96191099421911 4.803,Bardiya,sw,,,bd-sw-11,,75,4.0,1.7,1.55,,2021-08-08,,bd-sw-11,Aug
4,Anita,28.1938307 81.4798692 99.8562533972747 4.803,Bardiya,sw,,,bd-sw-10,,60,4.0,1.8,1.6,,2021-08-08,,bd-sw-10,Aug
5,Anita,28.1976928 81.4789118 103.65591418252136 4.803,Bardiya,sw,,,bd-sw-07,,45,5.0,2.0,2.55,,2021-08-08,,bd-sw-07,Aug
6,Anita,28.2140378 81.4888619 108.71901051283 4.803,Bardiya,sw,,,bd-sw-08,,40,3.0,1.5,1.1,,2021-08-08,,bd-sw-08,Aug
7,Anita,28.2376965 81.504949 115.70759715027975 4.854,Bardiya,sw,,,bd-sw-04,,32,4.0,2.2,1.48,,2021-08-08,,bd-sw-04,Aug
8,Anita,28.2259072 81.4953411 118.57153403694618 4.551,Bardiya,sw,,,bd-sw-22,,10,4.0,2.0,1.9,,2021-08-08,,bd-sw-22,Aug
9,Anita,28.2214914 81.491992 112.19259305484597 4.551,Bardiya,sw,,,bd-sw-21,,40,4.0,2.0,1.6,,2021-08-08,,bd-sw-21,Aug
10,Anita,28.2172162 81.4894308 108.37573698392666 4.551,Bardiya,sw,,,bd-sw-02,,0,2.0,1.0,1,,2021-08-08,,bd-sw-02,Aug
11,Anita,28.2130177 81.3270243 89.87357367054865 4.551,Bardiya,sw,,,bd-sw-13,,10,5.0,2.0,2.9,,2021-08-04,,bd-sw-13,Aug
12,Anita,28.2179781 81.3042395 95.37287826827239 4.854,Bardiya,sw,,,bd-sw-12,,40,12.0,2.0,9.6,,2021-08-04,,bd-sw-12,Aug
13,Anita,28.2194054 81.3116733 90.75116552619151 4.854,Bardiya,sw,,,bd-sw-09,,50,3.0,2.0,0.5,,2021-08-04,,bd-sw-09,Aug
14,Anita,28.1873754 81.3347824 87.12607686828471 4.803,Bardiya,sw,,,bd-sw-06,,40,4.0,1.6,2,,2021-08-04,,bd-sw-06,Aug
15,Anita,28.1897239 81.383618 85.65240648033817 4.803,Bardiya,sw,,,bd-sw-05,,30,4.0,1.5,2.2,,2021-08-04,,bd-sw-05,Aug
16,Anita,28.1880466 81.4799114 97.94417940144872 4.551,Bardiya,sw,,,bd-sw-03,,40,3.0,1.0,1.6,,2021-08-04,,bd-sw-03,Aug
17,Anita,28.1657641 81.5009533 80.40591800780668 4.803,Bardiya,sw,,,bd-sw-20,,70,6.0,1.9,3.4,,2021-08-04,,bd-sw-20,Aug
18,Anita,28.1607741 81.5015221 88.60528801911359 4.551,Bardiya,sw,,,bd-sw-19,,30,7.0,2.0,4.7,,2021-08-04,,bd-sw-19,Aug
19,Anita,28.1478396 81.4992551 83.27961892399249 4.854,Bardiya,sw,,,bd-sw-18,,40,5.0,1.0,3.6,,2021-08-04,,bd-sw-18,Aug
20,Anita,28.1056238 81.4825759 92.7581376692274 4.551,Bardiya,dt,,,,bd-dw-02,10,11.0,2.0,8.9,,2021-07-31,,bd-dw-02,Jul
21,Anita,28.0883482 81.5027487 94.47740629910477 4.551,Bardiya,dt,,,,bd-dw-03,20,13.0,2.0,10.8,,2021-07-31,,bd-dw-03,Jul
22,Anita,28.0827807 81.5111925 88.7112428009961 4.551,Bardiya,dt,,,,bd-dw-04,24,12.0,2.0,9.76,,2021-07-31,,bd-dw-04,Jul
23,Anita singh thakur,28.0852868 81.5164307 82.02176208958439 4.854,Bardiya,dt,,,,bd-dw-01,25,12.0,1.0,10.75,,2021-07-31,,bd-dw-01,Jul
24,yogendra,28.0512553 81.6024744 92.51546984788273 4.803,Banke,dt,,bk-dw-05,,,27,5.0,2.05,2.68,,2021-08-08,,bk-dw-05,Aug
25,yogendra,28.1873633 81.6301126 104.93348145863133 4.551,Banke,sw,bk-sw-04,,,,65,3.0,2.1,0.25,,2021-08-08,,bk-sw-04,Aug
26,yogendra,28.1920904 81.5748116 108.15496247199881 4.854,Banke,sw,bk-sw-05_1,,,,29,5.0,1.8,2.91,,2021-08-08,,bk-sw-05_1,Aug
27,yogendra,28.2065539 81.6306942 109.95506845582334 4.551,Banke,sw,bk-sw-03,,,,40,8.0,1.1,6.5,,2021-08-08,,bk-sw-03,Aug
28,yogendra,28.1960206 81.7116576 126.3943080324836 4.854,Banke,sw,bk-sw-01,,,,20,5.0,2.85,1.95,,2021-08-08,,bk-sw-01,Aug
29,yogendra,28.1223067 81.5166361 97.53579441475348 4.854,Banke,dt,,bk-dw-03,,,42,15.0,2.75,11.83,,2021-08-07,,bk-dw-03,Aug
30,yogendra,28.1132608 81.5173165 84.92499894578175 4.854,Banke,dt,,bk-dw-04_1,,,49,10.0,2.93,6.58,,2021-08-07,,bk-dw-04_1,Aug
31,yogendra,28.1114538 81.5216498 81.78706569051101 4.803,Banke,sw,bk-sw-19_1,,,,23,6.0,1.3,4.47,,2021-08-07,,bk-sw-19_1,Aug
32,yogendra,28.0960082 81.5211301 87.06208297150977 4.854,Banke,dt,,bk-dw-02,,,25,15.0,3.15,11.6,,2021-08-07,,bk-dw-02,Aug
33,yogendra,28.0818831 81.5466715 78.7136367903982 4.854,Banke,dt,,bk-dw-01,,,37,13.0,1.57,11.06,,2021-08-07,,bk-dw-01,Aug
34,yogendra,27.9833301 81.7132518 88.99722165254063 4.854,Banke,sw,bk-sw-10_1,,,,70,5.0,2.2,2.1,,2021-08-01,,bk-sw-10_1,Aug
35,yogendra,28.0285244 81.6947762 89.73743745717223 4.551,Banke,sw,bk-sw-30,,,,55,6.0,1.4,4.05,,2021-08-01,,bk-sw-30,Aug
36,yogendra,28.0493632 81.6616934 99.45600637836037 4.551,Banke,sw,bk-sw-08_1,,,,36,6.0,1.55,4.09,,2021-08-01,,bk-sw-08_1,Aug
37,yogendra,28.146513 81.5519981 91.42542889937971 4.551,Banke,sw,bk-sw-18_1,,,,27,5.0,2.9,1.83,,2021-07-30,,bk-sw-18_1,Jul
38,yogendra,28.1287279 81.5893933 94.89367019956954 4.551,Banke,sw,bk-sw-17_1,,,,15,3.0,2.4,0.45,,2021-07-30,,bk-sw-17_1,Jul
39,yogendra,28.1060573 81.5971598 98.80189738543883 4.551,Banke,sw,bk-sw-25_1,,,,35,2.8,0.5,1.95,,2021-07-30,,bk-sw-25_1,Jul
40,yogendra,28.0830328 81.5956347 104.32663732348149 4.551,Banke,sw,bk-sw-27,,,,40,4.55,0.5,3.65,,2021-07-30,,bk-sw-27,Jul
41,yogendra,28.0780775 81.5932978 89.70384837504258 4.551,Banke,sw,bk-sw-26,,,,25,5.0,2.78,1.97,,2021-07-30,,bk-sw-26,Jul
42,yogendra,28.0811704 81.6450556 88.65300726440996 4.854,Banke,sw,bk-sw-24_1,,,,54,5.0,3.0,1.46,,2021-07-29,,bk-sw-24_1,Jul
43,yogendra,28.0928925 81.6478425 102.43208886697725 4.803,Banke,sw,bk-sw-07_1,,,,15,2.35,0.5,1.7,,2021-07-29,,bk-sw-07_1,Jul
44,yogendra,28.1318064 81.658843 99.7581389738014 4.551,Banke,sw,bk-sw-06_1,,,,45,3.0,2.37,0.18,,2021-07-29,,bk-sw-06_1,Jul
45,yogendra,28.0150992 81.6543027 88.4639138786619 4.551,Banke,sw,bk-sw-09_1,,,,60,5.0,2.5,1.9,,2021-07-28,,bk-sw-09_1,Jul
46,yogendra,28.0020222 81.6523501 97.78657990575097 4.854,Banke,sw,bk-sw-29,,,,40,6.0,1.6,4,,2021-07-28,,bk-sw-29,Jul
47,yogendra,28.0242569 81.6002579 94.10043283194646 4.551,Banke,sw,bk-sw-11_1,,,,50,5.0,2.15,2.35,,2021-07-28,,bk-sw-11_1,Jul
48,yogendra,28.0507396 81.5861596 101.01187512783498 4.854,Banke,sw,bk-sw-28,,,,55,6.0,2.25,3.2,,2021-07-28,,bk-sw-28,Jul
49,Anita,28.3062454 81.3597585 93.08310155628344 4.854,Bardiya,sw,,,bd-sw-10,,60,5.0,1.5,2.9,,2021-06-09,,bd-sw-10,Jun
50,Anita,28.0730452 81.5543577 97.94119223795981 4.854,Bardiya,sw,,,bd-sw-16,,60,5.0,1.0,3.4,,2021-07-12,,bd-sw-16,Jul
51,Anita,28.0726545 81.555737 92.11743347701531 4.803,Bardiya,sw,,,bd-sw-14,,10,3.0,1.2,1.7,,2021-07-11,,bd-sw-14,Jul
52,Anita,28.0732531 81.5542073 90.63927340848102 4.854,Bardiya,sw,,,bd-sw-15,,55,3.0,1.0,1.45,,2021-07-11,,bd-sw-15,Jul
53,Anita,28.1973809 81.4788891 97.80697117590267 4.551,Bardiya,sw,,,bd-sw-11,,75,5.0,1.6,2.65,,2021-07-10,,bd-sw-11,Jul
54,Anita,28.2165732 81.4892173 112.27314095395266 4.803,Bardiya,sw,,,bd-sw-10,,60,5.0,1.8,2.6,,2021-07-10,,bd-sw-10,Jul
55,Anita,28.2462445 81.5133919 118.4567225956 4.551,Bardiya,sw,,,bd-sw-07,,45,7.0,2.0,4.55,,2021-07-10,,bd-sw-07,Jul
56,Anita,28.3008148 81.4351818 127.38841524473544 4.803,Bardiya,sw,,,bd-sw-08,,40,5.0,2.0,2.6,,2021-07-10,,bd-sw-08,Jul
57,Anita,28.2897982 81.442027 108.34453365727408 4.854,Bardiya,sw,,,bd-sw-04,,32,5.0,1.6,3.08,,2021-07-10,,bd-sw-04,Jul
58,Anita,28.2433795 81.5760717 123.96791085269248 4.854,Bardiya,sw,,,bd-sw-22,,10,4.0,1.7,2.2,,2021-07-10,,bd-sw-22,Jul
59,Anita,28.2282736 81.5671628 108.88721752823841 4.551,Bardiya,sw,,,bd-sw-21,,40,4.0,1.8,1.8,,2021-07-10,,bd-sw-21,Jul
60,Anita,28.2364799 81.5477235 100.40017757010291 4.551,Bardiya,sw,,,bd-sw-02,,0,3.0,1.0,2,,2021-07-10,,bd-sw-02,Jul
61,Anita,28.2168546 81.3130813 98.63917636431935 4.854,Bardiya,sw,,,bd-sw-13,,10,6.0,1.7,4.2,,2021-07-08,,bd-sw-13,Jul
62,Anita,28.2462792 81.3065368 84.15604330109332 4.854,Bardiya,sw,,,bd-sw-12,,40,14.0,1.7,11.9,,2021-07-08,,bd-sw-12,Jul
63,Anita,28.2462785 81.3065593 83.77972589092016 4.551,Bardiya,sw,,,bd-sw-09,,50,6.0,1.8,3.7,,2021-07-08,,bd-sw-09,Jul
64,Anita,28.1691568 81.3378623 82.37976249806361 4.854,Bardiya,sw,,,bd-sw-06,,40,8.0,1.8,5.8,,2021-07-08,,bd-sw-06,Jul
65,Anita,28.189708 81.3836147 79.90999113590765 4.803,Bardiya,sw,,,bd-sw-05,,30,7.0,1.6,5.1,,2021-07-08,,bd-sw-05,Jul
66,Anita,28.1880089 81.4798633 90.77675645417352 4.854,Bardiya,sw,,,bd-sw-03,,40,6.0,1.8,3.8,,2021-07-08,,bd-sw-03,Jul
67,Anita,28.1658782 81.5010353 93.06979498311131 4.854,Bardiya,sw,,,bd-sw-17,,0,7.0,1.7,5.3,,2021-07-08,,bd-sw-17,Jul
68,Anita,28.1462923 81.4793364 89.85069285994025 4.551,Bardiya,sw,,,bd-sw-19,,30,8.0,1.8,5.9,,2021-07-08,,bd-sw-19,Jul
69,Anita,28.1486814 81.496827 85.64393435665194 4.803,Bardiya,sw,,,bd-sw-18,,40,7.0,1.8,4.8,,2021-07-08,,bd-sw-18,Jul
70,Anita,28.1056001 81.4828041 86.68986379303561 4.854,Bardiya,dt,,,,bd-dw-02,10,12.0,1.7,10.2,,2021-07-06,,bd-dw-02,Jul
71,Anita,28.0883557 81.5027002 86.34372548320997 4.854,Bardiya,dt,,,,bd-dw-03,20,14.0,1.9,11.9,,2021-07-06,,bd-dw-03,Jul
72,Anita,28.0828789 81.5111145 80.8468903454475 4.803,Bardiya,dt,,,,bd-dw-04,24,12.0,1.8,9.96,,2021-07-06,,bd-dw-04,Jul
73,Anita,28.0852523 81.5163728 83.6368732261931 4.803,Bardiya,dt,,,,bd-dw-01,25,14.0,1.9,11.85,,2021-07-06,,bd-dw-01,Jul
74,yogendra,28.1317725 81.6588471 104.23475521295485 4.854,Banke,sw,bk-sw-06_1,,,,45,5.0,4.28,0.27,,2021-06-29,,bk-sw-06_1,Jun
75,yogendra,28.1873244 81.6301051 109.90054282328481 4.854,Banke,sw,bk-sw-04,,,,65,5.0,3.85,0.5,,2021-06-29,,bk-sw-04,Jun
76,yogendra,28.1920662 81.574819 92.80679415892979 4.803,Banke,sw,bk-sw-05_1,,,,29,5.0,1.7,3.01,,2021-06-29,,bk-sw-05_1,Jun
77,yogendra,28.2065304 81.6307361 102.696006742006 4.803,Banke,sw,bk-sw-03,,,,40,10.0,2.7,6.9,,2021-06-29,,bk-sw-03,Jun
78,yogendra,28.1960406 81.7117094 115.2896097672967 4.854,Banke,sw,bk-sw-01,,,,20,5.0,2.52,2.28,,2021-06-29,,bk-sw-01,Jun
79,yogendra,28.1465206 81.5520268 99.46604775668895 4.551,Banke,sw,bk-sw-18_1,,,,27,5.0,2.2,2.53,,2021-06-28,,bk-sw-18_1,Jun
80,yogendra,28.1287189 81.589423 85.55599554696063 4.854,Banke,sw,bk-sw-17_1,,,,15,5.0,2.33,2.52,,2021-06-28,,bk-sw-17_1,Jun
81,yogendra,28.1060674 81.5971464 94.00782713025974 4.854,Banke,sw,bk-sw-25_1,,,,35,3.7,0.5,2.85,,2021-06-28,,bk-sw-25_1,Jun
82,yogendra,28.0830233 81.5956242 95.67942498117567 6.068,Banke,sw,bk-sw-27,,,,40,4.6,0.5,3.7,,2021-06-28,,bk-sw-27,Jun
83,yogendra,28.0780271 81.5932833 91.58089833272122 4.854,Banke,sw,bk-sw-26,,,,25,5.0,2.43,2.32,,2021-06-28,,bk-sw-26,Jun
84,yogendra,28.0818678 81.5466472 85.26613684146946 4.551,Banke,dt,,bk-dw-01,,,37,13.0,1.75,10.88,,2021-06-27,,bk-dw-01,Jun
85,yogendra,28.0960614 81.5211525 92.26744743036947 4.854,Banke,dt,,bk-dw-02,,,25,15.0,3.05,11.7,,2021-06-27,,bk-dw-02,Jun
86,yogendra,28.1222587 81.5165325 93.85865018509743 4.854,Banke,dt,,bk-dw-03,,,42,15.0,2.9,11.68,,2021-06-27,,bk-dw-03,Jun
87,yogendra,28.1132491 81.5173495 86.4275587127074 4.551,Banke,dt,,bk-dw-04_1,,,49,11.0,3.2,7.31,,2021-06-27,,bk-dw-04_1,Jun
88,yogendra,28.1115143 81.5216446 86.90497318220324 4.551,Banke,sw,bk-sw-19_1,,,,23,7.0,1.35,5.42,,2021-06-27,,bk-sw-19_1,Jun
89,yogendra,28.05074 81.5861809 90.63869055339899 4.551,Banke,sw,bk-sw-28,,,,55,8.0,1.2,6.25,,2021-06-27,,bk-sw-28,Jun
90,yogendra,28.0512338 81.6024418 103.20814738517352 4.854,Banke,dt,,bk-dw-05,,,27,6.0,2.3,3.43,,2021-06-27,,bk-dw-05,Jun
91,yogendra,27.9833291 81.7133238 81.77689259407666 4.551,Banke,sw,bk-sw-10_1,,,,70,5.0,2.31,1.99,,2021-06-25,,bk-sw-10_1,Jun
92,yogendra,28.0285301 81.6946952 84.90758921997094 4.551,Banke,sw,bk-sw-30,,,,55,6.0,1.2,4.25,,2021-06-25,,bk-sw-30,Jun
93,yogendra,28.0493766 81.6616486 81.25724309130749 4.854,Banke,sw,bk-sw-08_1,,,,36,7.0,1.7,4.94,,2021-06-25,,bk-sw-08_1,Jun
94,yogendra,28.0812159 81.6450163 97.02639652859702 4.551,Banke,sw,bk-sw-24_1,,,,54,5.0,2.7,1.76,,2021-06-23,,bk-sw-24_1,Jun
95,yogendra,28.0928993 81.6478289 102.18535161537388 4.803,Banke,sw,bk-sw-07_1,,,,15,2.95,0.5,2.3,,2021-06-23,,bk-sw-07_1,Jun
96,yogendra,28.0019837 81.6524184 83.12032862387017 4.803,Banke,sw,bk-sw-29,,,,40,6.0,1.4,4.2,,2021-06-22,,bk-sw-29,Jun
97,yogendra,28.0151419 81.6543268 73.21900264738026 4.984,Banke,sw,bk-sw-09_1,,,,60,5.0,2.22,2.18,,2021-06-22,,bk-sw-09_1,Jun
98,yogendra,28.0242235 81.6002958 97.83926275502972 4.551,Banke,sw,bk-sw-11_1,,,,50,7.0,1.2,5.3,,2021-06-22,,bk-sw-11_1,Jun
99,Anita,28.0731317 81.5541922 88.77808298150909 4.803,Bardiya,sw,,,bd-sw-16,,60,6.0,1.5,3.9,,2021-06-11,,bd-sw-16,Jun
100,Anita,28.0731963 81.5542336 82.99851946835179 4.551,Bardiya,sw,,,bd-sw-15,,55,4.0,1.4,2.05,,2021-06-11,,bd-sw-15,Jun
101,Anita,28.0731609 81.55413 78.93413194970529 4.854,Bardiya,sw,,,bd-sw-14,,10,4.0,1.5,2.4,,2021-06-11,,bd-sw-14,Jun
102,Anita,28.306207 81.3597747 97.58736990423863 4.854,Bardiya,sw,,,bd-sw-11,,75,6.0,2.0,3.25,,2021-06-09,,bd-sw-11,Jun
103,Anita,28.3062446 81.3597735 102.69642601630953 4.551,Bardiya,sw,,,bd-sw-07,,45,7.0,1.0,5.55,,2021-06-09,,bd-sw-07,Jun
104,Anita,28.3512265 81.4297433 134.99947791481347 4.854,Bardiya,sw,,,bd-sw-08,,40,6.0,1.0,4.6,,2021-06-09,,bd-sw-08,Jun
105,Anita,28.2897996 81.4420531 106.68836321354627 4.854,Bardiya,sw,,,bd-sw-04,,32,5.0,1.2,3.48,,2021-06-09,,bd-sw-04,Jun
106,Anita,28.2283599 81.5671117 92.64919927846016 4.854,Bardiya,sw,,,bd-sw-22,,10,8.0,2.8,5.1,,2021-06-09,,bd-sw-22,Jun
107,Anita,28.2490923 81.5849372 107.94908762650178 4.803,Bardiya,sw,,,bd-sw-21,,40,6.0,1.0,4.6,,2021-06-09,,bd-sw-21,Jun
108,Anita,28.2365263 81.5477659 97.19428848003315 4.803,Bardiya,sw,,,bd-sw-02,,0,4.0,1.0,3,,2021-06-09,,bd-sw-02,Jun
109,Anita,28.3287566 81.2715499 122.39451065462401 4.551,Bardiya,sw,,,bd-sw-13,,10,5.0,1.0,3.9,,2021-06-07,,bd-sw-13,Jun
110,Anita,28.2795966 81.2629383 91.36498346296538 4.803,Bardiya,sw,,,bd-sw-12,,40,14.0,2.0,11.6,,2021-06-07,,bd-sw-12,Jun
111,Anita,28.247492 81.3080601 113.68960467056324 4.854,Bardiya,sw,,,bd-sw-09,,50,6.0,2.0,3.5,,2021-06-07,,bd-sw-09,Jun
112,Anita,28.1691826 81.3378217 81.71405467671278 4.854,Bardiya,sw,,,bd-sw-06,,40,5.0,1.0,3.6,,2021-06-07,,bd-sw-06,Jun
113,Anita,28.1896926 81.3836599 97.53402704542424 4.854,Bardiya,sw,,,bd-sw-05,,30,6.0,1.0,4.7,,2021-06-07,,bd-sw-05,Jun
114,Anita,28.1880287 81.47992 93.21758807496238 4.854,Bardiya,sw,,,bd-sw-03,,40,5.0,1.0,3.6,,2021-06-07,,bd-sw-03,Jun
115,Anita,28.165612 81.5008629 92.75949082181221 4.803,Bardiya,sw,,,bd-sw-20,,70,7.0,1.9,4.4,,2021-06-07,,bd-sw-20,Jun
116,Anita,28.1463227 81.4792319 93.19272856470515 4.803,Bardiya,sw,,,bd-sw-19,,30,8.0,2.0,5.7,,2021-06-07,,bd-sw-19,Jun
117,Anita,28.1487553 81.4969459 96.17835771416038 4.803,Bardiya,sw,,,bd-sw-18,,40,6.0,1.0,4.6,,2021-06-07,,bd-sw-18,Jun
118,Anita,28.1054668 81.4827798 79.73053913925013 4.803,Bardiya,dt,,,,bd-dw-02,10,12.0,1.8,10.1,,2021-06-03,,bd-dw-02,Jun
119,Anita,28.0883383 81.5027308 91.82764724564169 4.854,Bardiya,dt,,,,bd-dw-03,20,13.0,1.0,11.8,,2021-06-03,,bd-dw-03,Jun
120,Anita,28.0828452 81.5111836 84.44654549989352 4.854,Bardiya,dt,,,,bd-dw-04,24,11.0,1.0,9.76,,2021-06-03,,bd-dw-04,Jun
121,Anita,28.0851481 81.5164416 86.74715379792804 4.854,Bardiya,dt,,,,bd-dw-01,25,13.0,1.0,11.75,,2021-06-03,,bd-dw-01,Jun
122,yogendra,28.1873063 81.6300652 106.36601218002876 4.854,Banke,sw,bk-sw-04,,,,65,5.0,2.44,1.91,,2021-06-05,,bk-sw-04,Jun
123,yogendra,28.192112 81.5747878 90.66314017084501 4.803,Banke,sw,bk-sw-05_1,,,,29,5.0,1.6,3.11,,2021-06-05,,bk-sw-05_1,Jun
124,yogendra,28.2064948 81.6307426 110.27958693388672 4.551,Banke,sw,bk-sw-03,,,,40,9.0,1.4,7.2,,2021-06-05,,bk-sw-03,Jun
125,yogendra,28.1961552 81.7119906 96.80919197738407 15.17,Banke,sw,bk-sw-01,,,,20,5.0,1.6,3.2,,2021-06-05,,bk-sw-01,Jun
126,yogendra,28.1317499 81.6588235 106.53494205818672 4.551,Banke,sw,bk-sw-06_1,,,,45,5.0,2.85,1.7,,2021-06-05,,bk-sw-06_1,Jun
127,yogendra,28.0928325 81.6477812 103.08150843363556 4.854,Banke,sw,bk-sw-07_1,,,,15,4.1,0.5,3.45,,2021-06-05,,bk-sw-07_1,Jun
128,yogendra,28.0812217 81.6450477 88.47714876386338 4.803,Banke,sw,bk-sw-24_1,,,,54,5.0,1.45,3.01,,2021-06-05,,bk-sw-24_1,Jun
129,yogendra,28.0818001 81.5465758 87.72579750251839 4.854,Banke,dt,,bk-dw-01,,,37,13.0,1.87,10.76,,2021-06-03,,bk-dw-01,Jun
130,yogendra,28.0960591 81.5211446 83.06716468452909 4.551,Banke,dt,,bk-dw-02,,,25,13.0,1.6,11.15,,2021-06-03,,bk-dw-02,Jun
131,yogendra,28.1224142 81.5165706 97.94866073939951 4.854,Banke,dt,,bk-dw-03,,,42,13.0,1.55,11.03,,2021-06-03,,bk-dw-03,Jun
132,yogendra,28.1132507 81.5173521 93.88311420385803 4.551,Banke,dt,,bk-dw-04_1,,,49,10.0,2.25,7.26,,2021-06-03,,bk-dw-04_1,Jun
133,yogendra,28.111471 81.5216667 86.16032390753342 4.803,Banke,sw,bk-sw-19_1,,,,23,8.0,2.1,5.67,,2021-06-03,,bk-sw-19_1,Jun
134,yogendra,28.0507597 81.5861889 91.86447364992894 4.551,Banke,sw,bk-sw-28,,,,55,7.0,0.85,5.6,,2021-06-02,,bk-sw-28,Jun
135,yogendra,28.0513305 81.6024486 86.4348803475658 4.854,Banke,dt,,bk-dw-05,,,27,6.0,1.3,4.43,,2021-06-02,,bk-dw-05,Jun
136,yogendra,28.146539 81.5520658 116.39917487513846 69.023,Banke,sw,bk-sw-18_1,,,,27,6.0,2.0,3.73,,2021-05-31,,bk-sw-18_1,May
137,yogendra,28.1287363 81.5894038 86.38434223209704 4.854,Banke,sw,bk-sw-17_1,,,,15,6.0,1.78,4.07,,2021-05-31,,bk-sw-17_1,May
138,yogendra,28.1060616 81.5971125 83.9424239534995 4.551,Banke,sw,bk-sw-25_1,,,,35,4.25,0.5,3.4,,2021-05-31,,bk-sw-25_1,May
139,yogendra,28.0830268 81.5956128 85.93129539776979 4.854,Banke,sw,bk-sw-27,,,,40,5.25,0.5,4.35,,2021-05-31,,bk-sw-27,May
140,yogendra,28.078065 81.5932423 99.70166537230462 4.803,Banke,sw,bk-sw-26,,,,25,5.0,1.65,3.1,,2021-05-31,,bk-sw-26,May
141,yogendra,27.9833037 81.7134115 91.00598286154765 4.551,Banke,sw,bk-sw-10_1,,,,70,5.0,1.38,2.92,,2021-05-30,,bk-sw-10_1,May
142,yogendra,28.0285084 81.6947302 99.94750067742251 4.551,Banke,sw,bk-sw-30,,,,55,6.0,1.1,4.35,,2021-05-30,,bk-sw-30,May
143,yogendra,28.049366 81.6617059 103.19010667812974 4.854,Banke,sw,bk-sw-08_1,,,,36,8.0,1.4,6.24,,2021-05-30,,bk-sw-08_1,May
144,yogendra,28.0020503 81.6523608 77.31210202905177 4.854,Banke,sw,bk-sw-29,,,,40,7.0,2.0,4.6,,2021-05-28,,bk-sw-29,May
145,yogendra,28.0151196 81.6543402 89.1867064656052 4.551,Banke,sw,bk-sw-09_1,,,,60,5.0,1.74,2.66,,2021-05-28,,bk-sw-09_1,May
146,yogendra,28.0242824 81.6002927 83.85836656317899 4.854,Banke,sw,bk-sw-11_1,,,,50,7.0,1.5,5,,2021-05-28,,bk-sw-11_1,May
147,Anita,28.3065034 81.3591938 82.84473526781777 4.803,Bardiya,sw,,,bd-sw-11,,75,6.0,1.7,3.55,,2021-05-12,,bd-sw-11,May
148,Àñità,28.3056538 81.3593227 98.33427251366963 4.551,Bardiya,sw,,,bd-sw-10,,60,5.0,1.0,3.4,,2021-05-12,,bd-sw-10,May
149,Añita,28.3061841 81.3597472 97.73312643004091 4.551,Bardiya,sw,,,bd-sw-07,,45,6.0,1.0,4.55,,2021-05-12,,bd-sw-07,May
150,Anita,28.351191 81.4297489 109.68273454813199 4.854,Bardiya,sw,,,bd-sw-08,,40,6.0,1.8,3.8,,2021-05-12,,bd-sw-08,May
151,Anita,28.2897791 81.4420663 108.20380514467726 4.803,Bardiya,sw,,,bd-sw-04,,32,5.0,1.0,3.68,,2021-05-12,,bd-sw-04,May
152,Anita,28.2272298 81.5711189 105.65349682577164 4.803,Bardiya,sw,,,bd-sw-22,,10,8.0,1.5,6.4,,2021-05-12,,bd-sw-22,May
153,Anita,28.2490759 81.5850066 105.65349682577164 4.854,Bardiya,sw,,,bd-sw-21,,40,8.0,1.8,5.8,,2021-05-12,,bd-sw-21,May
154,Anita,28.2363039 81.5474052 111.57403489786903 4.551,Bardiya,sw,,,bd-sw-02,,0,4.0,1.4,2.6,,2021-05-12,,bd-sw-02,May
155,Anita,28.0726661 81.5550289 88.4754930469689 4.803,Bardiya,sw,,,bd-sw-16,,60,6.0,1.0,4.4,,2021-05-11,,bd-sw-16,May
156,Anita,28.0730391 81.5543626 77.4547242895659 4.551,Bardiya,sw,,,bd-sw-14,,10,4.0,1.0,2.9,,2021-05-11,,bd-sw-14,May
157,Anita,28.0732362 81.5542298 87.91501058041705 4.854,Bardiya,sw,,,bd-sw-15,,55,5.0,1.8,2.65,,2021-05-11,,bd-sw-15,May
158,Anita,28.3287711 81.2715109 104.56525114632025 4.854,Bardiya,sw,,,bd-sw-13,,10,5.0,1.0,3.9,,2021-05-03,,bd-sw-13,May
159,Anita,28.2797085 81.2629711 70.77046546934865 4.854,Bardiya,sw,,,bd-sw-12,,40,14.0,1.8,11.8,,2021-05-03,,bd-sw-12,May
160,Anita,28.247389 81.307814 97.79387220569281 4.854,Bardiya,sw,,,bd-sw-09,,50,7.0,1.0,5.5,,2021-05-03,,bd-sw-09,May
161,Anita,28.1691666 81.3378431 85.67579246810156 4.854,Bardiya,sw,,,bd-sw-06,,40,8.0,1.0,6.6,,2021-05-03,,bd-sw-06,May
162,Anita,28.1896655 81.3835948 85.19132760630809 4.551,Bardiya,sw,,,bd-sw-05,,30,7.0,1.8,4.9,,2021-05-03,,bd-sw-05,May
163,Anita,28.1880204 81.4800895 90.26568924118823 4.854,Bardiya,sw,,,bd-sw-03,,40,6.0,1.0,4.6,,2021-05-03,,bd-sw-03,May
164,Anita,28.1655666 81.5009192 94.49468384052722 4.803,Bardiya,sw,,,bd-sw-20,,70,7.0,1.7,4.6,,2021-05-03,,bd-sw-20,May
165,Anita,28.1463616 81.4791081 92.15119572241383 4.803,Bardiya,sw,,,bd-sw-19,,30,8.0,1.7,6,,2021-05-03,,bd-sw-19,May
166,Anita,28.1486882 81.4968085 97.00529681083934 4.551,Bardiya,sw,,,bd-sw-18,,40,7.0,1.9,4.7,,2021-05-03,,bd-sw-18,May
167,Anita,28.1055615 81.4827864 85.0753903597881 4.854,Bardiya,dt,,,,bd-dw-02,10,14.0,1.5,12.4,,2021-05-02,,bd-dw-02,May
168,Anita,28.0883799 81.5027349 91.75614843757998 4.803,Bardiya,dt,,,,bd-dw-03,20,16.0,1.6,14.2,,2021-05-02,,bd-dw-03,May
169,Anita,28.0828898 81.5111103 72.26019646886688 4.854,Bardiya,dt,,,,bd-dw-04,24,14.0,1.8,11.96,,2021-05-02,,bd-dw-04,May
170,Anita,28.0852283 81.5164006 82.36269503406035 4.803,Bardiya,dt,,,,bd-dw-01,25,12.0,1.6,10.15,,2021-04-11,,bd-dw-01,Apr
171,yogendra,28.1873611 81.6300829 99.16882140019185 4.551,Banke,sw,bk-sw-04,,,,65,5.0,1.67,2.68,,2021-05-04,,bk-sw-04,May
172,yogendra,28.192094 81.5747806 85.33743342011614 4.551,Banke,sw,bk-sw-05_1,,,,29,5.0,1.55,3.16,,2021-05-04,,bk-sw-05_1,May
173,yogendra,28.206479 81.6307385 102.93040548102256 4.854,Banke,sw,bk-sw-03,,,,40,9.0,1.25,7.35,,2021-05-04,,bk-sw-03,May
174,yogendra,28.1960893 81.7117338 114.67803958931864 4.551,Banke,sw,bk-sw-01,,,,20,5.0,1.14,3.66,,2021-05-04,,bk-sw-01,May
175,yogendra,28.1317866 81.6587726 93.92316420348556 4.803,Banke,sw,bk-sw-06_1,,,,45,5.0,1.96,2.59,,2021-05-04,,bk-sw-06_1,May
176,yogendra,28.0928844 81.6478464 94.60841958761327 4.551,Banke,sw,bk-sw-07_1,,,,15,5.4,0.5,4.75,,2021-05-04,,bk-sw-07_1,May
177,yogendra,28.0812129 81.6451034 88.40708266797988 4.854,Banke,sw,bk-sw-24_1,,,,54,6.0,1.15,4.31,,2021-05-04,,bk-sw-24_1,May
178,yogendra,28.0817476 81.546588 109.66800213435707 4.854,Banke,dt,,bk-dw-01,,,37,13.0,1.5,11.13,,2021-04-30,,bk-dw-01,Apr
179,yogendra,28.096096 81.5211544 85.44713239862861 4.551,Banke,dt,,bk-dw-02,,,25,15.0,3.45,11.3,,2021-04-30,,bk-dw-02,Apr
180,yogendra,28.1132901 81.5172898 83.52860872319646 4.551,Banke,dt,,bk-dw-04_1,,,49,15.0,3.35,11.16,,2021-04-30,,bk-dw-04_1,Apr
181,yogendra,28.1223559 81.5165505 83.68454144841976 4.551,Banke,dt,,bk-dw-03,,,42,13.0,1.35,11.23,,2021-04-30,,bk-dw-03,Apr
182,yogendra,28.1114846 81.521617 85.10593739864272 4.854,Banke,sw,bk-sw-19_1,,,,23,8.0,1.95,5.82,,2021-04-30,,bk-sw-19_1,Apr
183,yogendra,28.0512932 81.6024374 91.96201722181954 4.803,Banke,dt,,bk-dw-05,,,27,7.0,2.2,4.53,,2021-04-30,,bk-dw-05,Apr
184,yogendra,28.146524 81.5519813 84.54793683203913 4.551,Banke,sw,bk-sw-18_1,,,,27,6.0,1.7,4.03,,2021-04-26,,bk-sw-18_1,Apr
185,yogendra,28.1287134 81.5893535 94.29315716249143 4.854,Banke,sw,bk-sw-17_1,,,,15,6.0,1.75,4.1,,2021-04-26,,bk-sw-17_1,Apr
186,yogendra,28.1060556 81.5971341 90.17572515657702 4.803,Banke,sw,bk-sw-25_1,,,,35,4.3,0.5,3.45,,2021-04-26,,bk-sw-25_1,Apr
187,yogendra,28.083025 81.5955229 105.59481440471494 4.854,Banke,sw,bk-sw-27,,,,40,5.2,0.5,4.3,,2021-04-26,,bk-sw-27,Apr
188,yogendra,28.0780817 81.5932166 82.84832140103399 4.854,Banke,sw,bk-sw-26,,,,25,5.0,1.67,3.08,,2021-04-26,,bk-sw-26,Apr
189,yogendra,28.050811 81.5861641 82.69485201608745 4.551,Banke,sw,bk-sw-28,,,,55,7.0,1.05,5.4,,2021-04-26,,bk-sw-28,Apr
190,yogendra,28.0020628 81.6523544 84.81285054730857 4.551,Banke,sw,bk-sw-29,,,,40,7.0,1.9,4.7,,2021-04-23,,bk-sw-29,Apr
191,yogendra,28.0151007 81.6543121 89.52724814325752 4.854,Banke,sw,bk-sw-09_1,,,,60,5.0,1.7,2.7,,2021-04-23,,bk-sw-09_1,Apr
192,yogendra,28.0242383 81.6002699 86.62625994039676 4.551,Banke,sw,bk-sw-11_1,,,,50,7.0,1.46,5.04,,2021-04-23,,bk-sw-11_1,Apr
193,yogendra,27.9833849 81.7132719 88.01714523602642 4.551,Banke,sw,bk-sw-10_1,,,,70,6.0,2.17,3.13,,2021-04-22,,bk-sw-10_1,Apr
194,yogendra,28.0285383 81.6947455 93.6523845583338 4.551,Banke,sw,bk-sw-30,,,,55,6.0,1.05,4.4,,2021-04-22,,bk-sw-30,Apr
195,yogendra,28.04937 81.6616595 96.96271786018812 4.854,Banke,sw,bk-sw-08_1,,,,36,8.0,1.2,6.44,,2021-04-22,,bk-sw-08_1,Apr
196,Anita,28.071498 81.5555033 83.979209134853 4.854,Bardiya,sw,,,bd-sw-16,,60,5.0,1.0,3.4,,2021-04-07,,bd-sw-16,Apr
197,Anita,28.0730776 81.5542921 93.41935404156682 4.854,Bardiya,sw,,,bd-sw-14,,10,4.0,1.5,2.4,,2021-04-06,,bd-sw-14,Apr
198,Anita,28.0731597 81.5542048 89.54488569715397 4.803,Bardiya,sw,,,bd-sw-15,,55,4.0,1.0,2.45,,2021-04-06,,bd-sw-15,Apr
199,Anita,28.3287679 81.2715464 121.20034075891353 4.551,Bardiya,sw,,,bd-sw-13,,10,5.0,1.8,3.1,,2021-04-04,,bd-sw-13,Apr
200,Anita,28.2795566 81.2628796 101.39670729066788 4.803,Bardiya,sw,,,bd-sw-12,,40,14.0,2.0,11.6,,2021-04-04,,bd-sw-12,Apr
201,Anita,28.2473471 81.3078664 104.48587272855438 4.803,Bardiya,sw,,,bd-sw-09,,50,7.0,1.5,5,,2021-04-04,,bd-sw-09,Apr
202,Anita,28.1691931 81.3378602 82.55503321299061 4.854,Bardiya,sw,,,bd-sw-06,,40,8.0,1.5,6.1,,2021-04-04,,bd-sw-06,Apr
203,Anita,28.189743 81.3836249 83.74002506849011 4.854,Bardiya,sw,,,bd-sw-05,,30,6.0,1.0,4.7,,2021-04-04,,bd-sw-05,Apr
204,Anita,28.1880624 81.4799019 81.2009829044684 4.854,Bardiya,sw,,,bd-sw-03,,40,6.0,1.2,4.4,,2021-04-04,,bd-sw-03,Apr
205,Anita,28.1656501 81.5008536 91.32159697499588 4.551,Bardiya,sw,,,bd-sw-17,,0,7.0,1.9,5.1,,2021-04-04,,bd-sw-17,Apr
206,Anita,28.1463687 81.4791724 101.58299779638564 4.551,Bardiya,sw,,,bd-sw-19,,30,8.0,1.8,5.9,,2021-04-04,,bd-sw-19,Apr
207,Anita,28.1487395 81.4968819 80.50877891180384 4.854,Bardiya,sw,,,bd-sw-18,,40,6.0,1.0,4.6,,2021-04-04,,bd-sw-18,Apr
208,Anita,28.3061076 81.3596523 84.94281640751262 4.551,Bardiya,sw,,,bd-sw-11,,75,6.0,2.0,3.25,,2021-04-02,,bd-sw-11,Apr
209,Anita,28.3062642 81.3597118 89.7356624809828 4.551,Bardiya,sw,,,bd-sw-07,,45,6.0,1.7,3.85,,2021-04-02,,bd-sw-07,Apr
210,Anita,28.3034656 81.3628923 93.84228750534798 4.551,Bardiya,sw,,,bd-sw-10,,60,5.0,1.2,3.2,,2021-04-02,,bd-sw-10,Apr
211,Anita,28.3512469 81.4297408 106.21650332250346 4.854,Bardiya,sw,,,bd-sw-08,,40,5.0,1.0,3.6,,2021-04-02,,bd-sw-08,Apr
212,Anita,28.2898387 81.4420108 107.79121571638501 4.854,Bardiya,sw,,,bd-sw-04,,32,5.0,1.7,2.98,,2021-04-02,,bd-sw-04,Apr
213,Anita,28.2364874 81.547728 87.96004384746297 4.551,Bardiya,sw,,,bd-sw-02,,0,4.0,1.7,2.3,,2021-04-02,,bd-sw-02,Apr
214,anita,28.2490794 81.5849847 104.17643321182874 4.854,Bardiya,sw,,,bd-sw-22,,10,7.0,1.0,5.9,,2021-04-02,,bd-sw-22,Apr
215,Anita,28.2283231 81.5671834 99.89142916824524 4.803,Bardiya,sw,,,bd-sw-21,,40,8.0,1.7,5.9,,2021-04-02,,bd-sw-21,Apr
216,Anita,28.1056721 81.482622 97.9604413131479 4.551,Bardiya,dt,,,,bd-dw-02,10,13.0,1.0,11.9,,2021-04-01,,bd-dw-02,Apr
217,Anita,28.0883862 81.5027232 100.62413342298225 4.551,Bardiya,dt,,,,bd-dw-03,20,14.0,1.8,12,,2021-04-01,,bd-dw-03,Apr
218,Anita,28.082907 81.5111801 99.5016497333836 4.803,Bardiya,dt,,,,bd-dw-04,24,14.0,3.8,9.96,,2021-04-01,,bd-dw-04,Apr
219,Anita,28.0852756 81.5164958 93.39883379549784 4.854,Bardiya,dt,,,,bd-dw-01,25,15.0,1.0,13.75,,2021-03-13,,bd-dw-01,Mar
220,yogendra,28.0818634 81.5466079 82.31648677449924 4.854,Banke,dt,,bk-dw-01,,,37,15.0,3.55,11.08,,2021-04-07,,bk-dw-01,Apr
221,yogendra,28.0960803 81.5211436 83.4512369483592 4.551,Banke,dt,,bk-dw-02,,,25,15.0,3.55,11.2,,2021-04-07,,bk-dw-02,Apr
222,yogendra,28.1223001 81.5166134 85.04392023801582 4.551,Banke,dt,,bk-dw-03,,,42,13.0,1.45,11.13,,2021-04-07,,bk-dw-03,Apr
223,yogendra,28.1132041 81.5172749 84.55165311736327 4.854,Banke,dt,,bk-dw-04_1,,,49,15.0,3.45,11.06,,2021-04-07,,bk-dw-04_1,Apr
224,yogendra,28.1114016 81.521705 61.428869979187425 4.551,Banke,sw,bk-sw-19_1,,,,23,7.0,1.15,5.62,,2021-04-07,,bk-sw-19_1,Apr
225,yogendra,28.0508057 81.5862265 87.09753899548474 4.803,Banke,sw,bk-sw-28,,,,55,7.0,1.5,4.95,,2021-04-07,,bk-sw-28,Apr
226,yogendra,28.0513467 81.6024627 88.18992511762305 4.551,Banke,dt,,bk-dw-05,,,27,6.0,1.4,4.33,,2021-04-07,,bk-dw-05,Apr
227,yogendra,28.0812185 81.645044 101.03061213006376 4.803,Banke,sw,bk-sw-24_1,,,,54,6.0,1.55,3.91,,2021-04-04,,bk-sw-24_1,Apr
228,yogendra,28.0928489 81.6478628 94.33627246343464 4.854,Banke,sw,bk-sw-07_1,,,,15,4.95,0.5,4.3,,2021-04-04,,bk-sw-07_1,Apr
229,yogendra,28.1317973 81.6588377 98.44866010861558 4.803,Banke,sw,bk-sw-06_1,,,,45,5.0,2.26,2.29,,2021-04-04,,bk-sw-06_1,Apr
230,yogendra,28.1465581 81.5519536 103.6786630334175 4.551,Banke,sw,bk-sw-18_1,,,,27,5.0,1.08,3.65,,2021-04-03,,bk-sw-18_1,Apr
231,yogendra,28.1287337 81.5893729 87.98446775075215 4.551,Banke,sw,bk-sw-17_1,,,,15,5.0,1.05,3.8,,2021-04-03,,bk-sw-17_1,Apr
232,yogendra,28.1060287 81.5971035 84.74134994144606 4.551,Banke,sw,bk-sw-25_1,,,,35,4.1,0.5,3.25,,2021-04-03,,bk-sw-25_1,Apr
233,yogendra,28.0830206 81.5956341 76.27681261735586 4.803,Banke,sw,bk-sw-27,,,,40,4.9,0.5,4,,2021-04-03,,bk-sw-27,Apr
234,yogendra,28.078045 81.5932275 84.9956152614164 4.854,Banke,sw,bk-sw-26,,,,25,5.0,1.92,2.83,,2021-04-03,,bk-sw-26,Apr
235,yogendra,28.1873992 81.6299874 104.63128751372183 4.551,Banke,sw,bk-sw-04,,,,65,5.0,2.07,2.28,,2021-04-02,,bk-sw-04,Apr
236,yogendra,28.1920742 81.5747772 89.91490084008717 4.551,Banke,sw,bk-sw-05_1,,,,29,5.0,1.6,3.11,,2021-04-02,,bk-sw-05_1,Apr
237,yogendra,28.206532 81.6306905 107.15215606637075 4.803,Banke,sw,bk-sw-03,,,,40,9.0,1.75,6.85,,2021-04-02,,bk-sw-03,Apr
238,yogendra,28.1960804 81.7117424 127.62967228481328 4.854,Banke,sw,bk-sw-01,,,,20,5.0,1.34,3.46,,2021-04-02,,bk-sw-01,Apr
239,yogendra,28.0493765 81.6617097 93.93173480873038 4.551,Banke,sw,bk-sw-08_1,,,,36,8.0,1.5,6.14,,2021-04-01,,bk-sw-08_1,Apr
240,yogendra,27.98343 81.713307 73.34943673778383 4.551,Banke,sw,bk-sw-10_1,,,,70,5.0,1.23,3.07,,2021-04-01,,bk-sw-10_1,Apr
241,yogendra,28.0285641 81.6947339 83.35339274716405 4.854,Banke,sw,bk-sw-30,,,,55,6.0,1.15,4.3,,2021-04-01,,bk-sw-30,Apr
242,yogendra,28.002087 81.652334 74.79502092410074 4.803,Banke,sw,bk-sw-29,,,,40,7.0,2.05,4.55,,2021-03-30,,bk-sw-29,Mar
243,yogendra,28.0150979 81.6543421 79.45554699138219 4.854,Banke,sw,bk-sw-09_1,,,,60,5.0,1.8,2.6,,2021-03-30,,bk-sw-09_1,Mar
244,yogendra,28.0243004 81.6002834 85.53872048691571 4.551,Banke,sw,bk-sw-11_1,,,,50,7.0,1.6,4.9,,2021-03-30,,bk-sw-11_1,Mar
245,Anita,28.0731672 81.5542815 104.94542163409031 4.551,Bardiya,sw,,,bd-sw-14,,10,3.0,0.8,2.1,,2021-03-11,,bd-sw-14,Mar
246,Anita,28.0731024 81.5542315 86.99709783240762 4.854,Bardiya,sw,,,bd-sw-16,,60,4.0,0.5,2.9,,2021-03-11,,bd-sw-16,Mar
247,Anita,28.0714983 81.5555563 99.08029075331622 4.551,Bardiya,sw,,,bd-sw-15,,55,3.0,0.8,1.65,,2021-03-11,,bd-sw-15,Mar
248,Anita,28.3350722 81.266166 111.60088699702597 4.803,Bardiya,sw,,,bd-sw-13,,10,4.0,1.0,2.9,,2021-03-11,,bd-sw-13,Mar
249,Anita,28.2794958 81.2629023 107.03814142257802 4.854,Bardiya,sw,,,bd-sw-12,,40,12.0,0.8,10.8,,2021-03-11,,bd-sw-12,Mar
250,Anita,28.2486034 81.3085296 90.5413812870741 4.803,Bardiya,sw,,,bd-sw-09,,50,6.0,0.8,4.7,,2021-03-11,,bd-sw-09,Mar
251,Anita,28.2384443 81.2889979 99.38020721660625 4.551,Bardiya,sw,,,bd-sw-23,,20,11.0,1.0,9.8,,2021-03-11,,bd-sw-23,Mar
252,Anita,28.3062108 81.3598135 118.06436491626144 4.803,Bardiya,sw,,,bd-sw-11,,75,4.0,0.4,2.85,,2021-03-07,,bd-sw-11,Mar
253,Anita,28.3056749 81.3593067 100.86351665322108 4.803,Bardiya,sw,,,bd-sw-07,,45,5.0,0.9,3.65,,2021-03-07,,bd-sw-07,Mar
254,Anita,28.3014031 81.336592 104.1813218362487 4.854,Bardiya,sw,,,bd-sw-10,,60,4.0,0.8,2.6,,2021-03-07,,bd-sw-10,Mar
255,Anita,28.3512284 81.4297636 119.67341249566695 4.854,Bardiya,sw,,,bd-sw-08,,40,4.0,0.8,2.8,,2021-03-07,,bd-sw-08,Mar
256,Anita,28.2898343 81.4420493 126.95142862473695 4.854,Bardiya,sw,,,bd-sw-04,,32,4.0,0.9,2.78,,2021-03-07,,bd-sw-04,Mar
257,Anita,28.2282382 81.5671037 115.9142519379145 4.854,Bardiya,sw,,,bd-sw-21,,40,7.0,0.8,5.8,,2021-03-07,,bd-sw-21,Mar
258,Anita,28.2491036 81.5849593 108.6977505978707 4.551,Bardiya,sw,,,bd-sw-22,,10,6.0,0.8,5.1,,2021-03-07,,bd-sw-22,Mar
259,Anita,28.2363902 81.5476911 101.27054109400545 4.551,Bardiya,sw,,,bd-sw-02,,0,2.5,0.4,2.1,,2021-03-07,,bd-sw-02,Mar
260,Anita,28.1691837 81.3378857 96.73433746866007 4.854,Bardiya,sw,,,bd-sw-06,,40,8.0,2.0,5.6,,2021-03-02,,bd-sw-06,Mar
261,Anita,28.1897781 81.3836074 94.92469693880524 4.803,Bardiya,sw,,,bd-sw-05,,30,6.0,1.0,4.7,,2021-03-02,,bd-sw-05,Mar
262,Anita,28.1880313 81.4798915 121.2782591623503 4.803,Bardiya,sw,,,bd-sw-03,,40,5.0,0.6,4,,2021-03-02,,bd-sw-03,Mar
263,Anita,28.1656437 81.5007906 102.14761240311637 4.854,Bardiya,sw,,,bd-sw-18,,40,5.0,0.4,4.2,,2021-03-02,,bd-sw-18,Mar
264,Anita,28.1464325 81.4790871 114.80654216916955 4.551,Bardiya,sw,,,bd-sw-19,,30,7.0,1.0,5.7,,2021-03-02,,bd-sw-19,Mar
265,Anita,28.1486586 81.4968512 114.17191698239404 4.551,Bardiya,sw,,,bd-sw-20,,70,5.0,0.5,3.8,,2021-03-02,,bd-sw-20,Mar
266,Anita,28.1056335 81.4826266 101.64972244421142 4.551,Bardiya,dt,,,,bd-dw-02,10,15.0,4.0,10.9,,2021-02-28,,bd-dw-02,Feb
267,Anita,28.0883672 81.5027316 93.64420265399683 4.854,Bardiya,dt,,,,bd-dw-03,20,13.0,1.0,11.8,,2021-02-28,,bd-dw-03,Feb
268,Anita,28.0828814 81.5111584 96.91293395289823 4.854,Bardiya,dt,,,,bd-dw-04,24,14.0,4.0,9.76,,2021-02-28,,bd-dw-04,Feb
269,Anita,28.0852203 81.5164757 101.26572693436447 4.854,Bardiya,dt,,,,bd-dw-01,25,13.0,0.8,11.95,,2021-02-25,,bd-dw-01,Feb
270,yogendra,27.9834125 81.7133541 89.83573954444914 4.803,Banke,sw,bk-sw-10_1,,,,70,5.0,1.33,2.97,,2021-03-03,,bk-sw-10_1,Mar
271,yogendra,28.0285545 81.6946709 100.51913615300215 4.551,Banke,sw,bk-sw-30,,,,55,6.0,1.3,4.15,,2021-03-03,,bk-sw-30,Mar
272,yogendra,28.0494204 81.6616308 95.60796911318198 4.551,Banke,sw,bk-sw-08_1,,,,36,8.0,1.65,5.99,,2021-03-03,,bk-sw-08_1,Mar
273,yogendra,28.0818033 81.5465529 103.48403618550809 4.803,Banke,dt,,bk-dw-01,,,37,13.0,1.65,10.98,,2021-03-02,,bk-dw-01,Mar
274,yogendra,28.0959921 81.521179 94.74799728729445 4.854,Banke,dt,,bk-dw-02,,,25,15.0,3.65,11.1,,2021-03-02,,bk-dw-02,Mar
275,yogendra,28.1222988 81.5166218 98.51146259885857 4.551,Banke,dt,,bk-dw-03,,,42,13.0,1.55,11.03,,2021-03-02,,bk-dw-03,Mar
276,yogendra,28.1132621 81.5173494 102.95116262915187 4.803,Banke,dt,,bk-dw-04_1,,,49,15.0,3.6,10.91,,2021-03-02,,bk-dw-04_1,Mar
277,yogendra,28.1114455 81.5216505 96.5277953917899 4.854,Banke,sw,bk-sw-19_1,,,,23,7.0,1.5,5.27,,2021-03-02,,bk-sw-19_1,Mar
278,yogendra,28.0513296 81.6024401 99.78216916808152 4.803,Banke,dt,,bk-dw-05,,,27,6.0,1.8,3.93,,2021-03-02,,bk-dw-05,Mar
279,yogendra,28.1465538 81.5519786 99.09388732335618 4.551,Banke,sw,bk-sw-18_1,,,,27,5.0,1.6,3.13,,2021-03-01,,bk-sw-18_1,Mar
280,yogendra,28.1060812 81.5971233 104.21288580035973 4.551,Banke,sw,bk-sw-25_1,,,,35,3.9,0.5,3.05,,2021-03-01,,bk-sw-25_1,Mar
281,yogendra,28.0830308 81.5956368 104.12210698051976 4.551,Banke,sw,bk-sw-27,,,,40,4.8,0.5,3.9,,2021-03-01,,bk-sw-27,Mar
282,yogendra,28.1873729 81.630073 120.06170870396069 4.854,Banke,sw,bk-sw-04,,,,65,5.0,2.52,1.83,,2021-02-28,,bk-sw-04,Feb
283,yogendra,28.1921073 81.5747382 93.94653314024943 4.803,Banke,sw,bk-sw-05_1,,,,29,5.0,1.7,3.01,,2021-02-28,,bk-sw-05_1,Feb
284,yogendra,28.206544 81.6307359 111.39332472668187 4.803,Banke,sw,bk-sw-03,,,,40,9.0,2.3,6.3,,2021-02-28,,bk-sw-03,Feb
285,yogendra,28.1961034 81.711776 118.65058920259087 4.854,Banke,sw,bk-sw-01,,,,20,5.0,1.5,3.3,,2021-02-28,,bk-sw-01,Feb
286,yogendra,28.0812296 81.6450593 107.35515950953524 4.551,Banke,sw,bk-sw-24_1,,,,54,6.0,1.95,3.51,,2021-02-25,,bk-sw-24_1,Feb
287,yogendra,28.0928569 81.6478714 101.68621225168131 4.551,Banke,sw,bk-sw-07_1,,,,15,4.35,0.5,3.7,,2021-02-25,,bk-sw-07_1,Feb
288,yogendra,28.1318094 81.6588648 108.93264494159047 4.551,Banke,sw,bk-sw-06_1,,,,45,5.0,2.65,1.9,,2021-02-25,,bk-sw-06_1,Feb
289,yogendra,28.0507648 81.5861597 99.08832275188804 4.551,Banke,sw,bk-sw-28,,,,55,7.0,1.85,4.6,,2021-02-24,,bk-sw-28,Feb
290,yogendra,28.0151149 81.6542853 86.65167613637765 4.854,Banke,sw,bk-sw-09_1,,,,60,5.0,2.02,2.38,,2021-02-22,,bk-sw-09_1,Feb
291,yogendra,28.0020096 81.6522108 107.77393555615072 4.854,Banke,sw,bk-sw-29,,,,40,6.0,1.5,4.1,,2021-02-22,,bk-sw-29,Feb
292,yogendra,28.0242741 81.6002787 89.81682168351188 4.854,Banke,sw,bk-sw-11_1,,,,50,7.0,1.82,4.68,,2021-02-22,,bk-sw-11_1,Feb
293,yogendra,28.0780604 81.5932225 97.16194288745902 4.854,Banke,sw,bk-sw-26,,,,25,5.0,2.31,2.44,,2021-02-20,,bk-sw-26,Feb
294,yogendral,28.1287297 81.5894124 88.46230121420037 4.854,Banke,sw,bk-sw-17_1,,,,15,5.0,1.78,3.07,,2021-02-20,,bk-sw-17_1,Feb
295,Anita,28.073127 81.5541212 84.0 10.922,Bardiya,sw,,,bd-sw-16,,60,5.0,1.7,2.7,,2021-02-09,,bd-sw-16,Feb
296,Anita,28.0731098 81.5542463 88.0 7.585,Bardiya,sw,,,bd-sw-15,,55,4.0,1.9,1.55,,2021-02-09,,bd-sw-15,Feb
297,Anita,28.0731407 81.5542272 82.0 4.854,Bardiya,sw,,,bd-sw-14,,10,3.0,1.0,1.9,,2021-02-09,,bd-sw-14,Feb
298,Anita,28.3065235 81.3591491 67.0 4.854,Bardiya,sw,,,bd-sw-11,,75,5.0,1.6,2.65,,2021-02-08,,bd-sw-11,Feb
299,Anita,28.3056157 81.3593068 111.0 4.854,Bardiya,sw,,,bd-sw-07,,45,8.0,4.0,3.55,,2021-02-08,,bd-sw-07,Feb
300,Anita,28.301372 81.3365896 98.0 4.854,Bardiya,sw,,,bd-sw-10,,60,7.0,4.0,2.4,,2021-02-08,,bd-sw-10,Feb
301,Anita,28.3512356 81.4297427 107.0 4.854,Bardiya,sw,,,bd-sw-08,,40,5.0,2.0,2.6,,2021-02-08,,bd-sw-08,Feb
302,Anita,28.289843 81.4420836 100.0 6.674,Bardiya,sw,,,bd-sw-04,,32,5.0,2.0,2.68,,2021-02-08,,bd-sw-04,Feb
303,Anita,28.2282732 81.5671712 103.0 4.854,Bardiya,sw,,,bd-sw-21,,40,10.0,4.0,5.6,,2021-02-08,,bd-sw-21,Feb
304,Anita,28.2490131 81.5848865 102.0 4.803,Bardiya,sw,,,bd-sw-22,,10,8.0,3.0,4.9,,2021-02-08,,bd-sw-22,Feb
305,Anita,28.2364793 81.5477362 95.0 4.551,Bardiya,sw,,,bd-sw-02,,0,3.0,1.0,2,,2021-02-08,,bd-sw-02,Feb
306,Anita,28.1880467 81.479971 85.0 4.854,Bardiya,sw,,,bd-sw-03,,40,5.0,1.0,3.6,,2021-02-08,,bd-sw-03,Feb
307,Anita,28.2795711 81.2628225 103.0 4.854,Bardiya,sw,,,bd-sw-12,,40,13.0,2.0,10.6,,2021-02-03,,bd-sw-12,Feb
308,Anita ,28.3349604 81.2660784 104.0 6.068,Bardiya,sw,,,bd-sw-13,,10,5.0,2.0,2.9,,2021-02-03,,bd-sw-13,Feb
309,Anita Singh thakur,28.2504704 81.3107656 104.0 4.854,Bardiya,sw,,,bd-sw-09,,50,7.0,2.0,4.5,,2021-02-03,,bd-sw-09,Feb
310,Anita Singh thakur,28.2385395 81.2889351 104.0 4.803,Bardiya,sw,,,bd-sw-23,,20,13.0,3.6,9.2,,2021-02-03,,bd-sw-23,Feb
311,Anita Singh thakur,28.1691594 81.3378798 89.0 4.803,Bardiya,sw,,,bd-sw-06,,40,9.0,3.0,5.6,,2021-02-03,,bd-sw-06,Feb
312,Anita Singh thakur,28.189743 81.3836823 90.0 4.854,Bardiya,sw,,,bd-sw-05,,30,5.0,1.0,3.7,,2021-02-03,,bd-sw-05,Feb
313,Anita Singh thakur,28.1656409 81.5008473 94.0 4.854,Bardiya,sw,,,bd-sw-20,,70,7.0,2.2,4.1,,2021-02-03,,bd-sw-20,Feb
314,Anita Singh thakur,28.1464123 81.4790915 84.0 4.551,Bardiya,sw,,,bd-sw-19,,30,8.0,3.0,4.7,,2021-02-03,,bd-sw-19,Feb
315,Anita Singh thakur,28.1486845 81.4968653 88.0 6.674,Bardiya,sw,,,bd-sw-18,,40,5.0,1.2,3.4,,2021-02-03,,bd-sw-18,Feb
316,A,28.0828531 81.5111708 89.0 4.551,Bardiya,dt,,,,bd-dw-04,24,13.0,3.2,9.56,,2021-01-28,,bd-dw-04,Jan
317,A,28.1055899 81.4825913 79.0 4.551,Bardiya,dt,,,,bd-dw-02,10,15.0,4.5,10.4,,2021-01-28,,bd-dw-02,Jan
318,A,28.0883406 81.502631 89.0 4.854,Bardiya,dt,,,,bd-dw-03,20,13.0,1.2,11.6,,2021-01-28,,bd-dw-03,Jan
319,Anita,28.085181 81.5163616 83.0 4.803,Bardiya,dt,,,,bd-dw-01,25,13.0,1.0,11.75,,2021-01-28,1611818785404.amr,bd-dw-01,Jan
320,yogendra,28.0818215 81.5466409 84.0 4.551,Banke,dt,,bk-dw-01,,,37,15.0,3.65,10.98,,2021-02-05,,bk-dw-01,Feb
321,yogendra,28.0960436 81.5211363 84.0 4.551,Banke,dt,,bk-dw-02,,,25,13.0,1.8,10.95,,2021-02-05,,bk-dw-02,Feb
322,yogendra,28.1223281 81.5165796 90.0 4.854,Banke,dt,,bk-dw-03,,,42,13.0,1.75,10.83,,2021-02-05,,bk-dw-03,Feb
323,yogendra,28.1132361 81.5173035 91.0 4.551,Banke,dt,,bk-dw-04_1,,,49,15.0,3.7,10.81,,2021-02-05,,bk-dw-04_1,Feb
324,yogendra,28.0513081 81.6024541 86.0 4.551,Banke,dt,,bk-dw-05,,,27,5.0,1.05,3.68,,2021-02-05,,bk-dw-05,Feb
325,yogendra,28.13181 81.6588146 97.0 4.854,Banke,sw,bk-sw-06_1,,,,45,5.0,2.8,1.75,,2021-02-03,,bk-sw-06_1,Feb
326,yogendra,28.0928582 81.6478693 99.0 4.551,Banke,sw,bk-sw-07_1,,,,15,4.15,0.5,3.5,,2021-02-03,,bk-sw-07_1,Feb
327,yogendra,28.0812224 81.6450643 94.0 4.551,Banke,sw,bk-sw-24_1,,,,54,6.0,2.45,3.01,,2021-02-03,,bk-sw-24_1,Feb
328,yogendra,28.1960977 81.7117444 107.0 4.551,Banke,sw,bk-sw-01,,,,20,5.0,1.85,2.95,,2021-02-01,,bk-sw-01,Feb
329,yogendra,28.1873921 81.6300983 105.0 4.551,Banke,sw,bk-sw-04,,,,65,5.0,2.65,1.7,,2021-02-01,,bk-sw-04,Feb
330,yogendra,28.0020439 81.6523786 69.0 4.551,Banke,sw,bk-sw-29,,,,40,6.0,1.7,3.9,,2021-01-31,,bk-sw-29,Jan
331,yogendra,28.0151183 81.6543479 82.0 4.803,Banke,sw,bk-sw-09_1,,,,60,5.0,2.25,2.15,,2021-01-31,,bk-sw-09_1,Jan
332,yogendra,28.0242587 81.6002836 91.0 4.854,Banke,sw,bk-sw-11_1,,,,50,6.0,1.35,4.15,,2021-01-31,,bk-sw-11_1,Jan
333,yogendra,28.0507443 81.5861794 89.0 4.854,Banke,sw,bk-sw-28,,,,55,6.0,1.15,4.3,,2021-01-31,,bk-sw-28,Jan
334,yogendra,27.9833039 81.7132923 84.0 4.551,Banke,sw,bk-sw-10_1,,,,70,5.0,1.55,2.75,,2021-01-29,,bk-sw-10_1,Jan
335,yogendra,28.0285434 81.6946848 78.0 4.854,Banke,sw,bk-sw-30,,,,55,6.0,1.55,3.9,,2021-01-29,,bk-sw-30,Jan
336,yogendra,28.0493274 81.6616258 95.0 4.551,Banke,sw,bk-sw-08_1,,,,36,8.0,2.15,5.49,,2021-01-29,,bk-sw-08_1,Jan
337,Subash,28.0803241 81.64207 64.0 51.578,Bardiya,sw,,,bd-sw-01,,0,2.0,0.0,2,Test,2021-01-28,1611808927574.amr,bd-sw-01,Jan
338,yogendra,28.2064949 81.6307264 101.0 4.803,Banke,sw,bk-sw-03,,,,40,8.0,1.5,6.1,,2021-01-27,,bk-sw-03,Jan
339,yogendra,28.2576903 81.6361819 95.0 4.551,Banke,sw,bk-sw-02,,,,15,0.0,0.0,-0.15,dimage,2021-01-27,1611745033117..amr,bk-sw-02,Jan
340,yogendra,28.1920455 81.5747481 99.0 4.854,Banke,sw,bk-sw-05_1,,,,29,5.0,1.75,2.96,,2021-01-27,,bk-sw-05_1,Jan
341,yogendra,28.1114479 81.5216935 79.0 4.551,Banke,sw,bk-sw-19_1,,,,23,7.0,2.05,4.72,,2021-01-27,,bk-sw-19_1,Jan
342,yogendra,28.1465454 81.5519862 93.0 4.551,Banke,sw,bk-sw-18_1,,,,27,5.0,2.05,2.68,,2021-01-27,,bk-sw-18_1,Jan
343,yogendra,28.1287151 81.5894281 88.0 4.551,Banke,sw,bk-sw-17_1,,,,15,5.0,2.15,2.7,,2021-01-27,,bk-sw-17_1,Jan
344,yogendra,28.1060386 81.5971551 99.0 4.551,Banke,sw,bk-sw-25_1,,,,35,3.75,0.5,2.9,,2021-01-27,,bk-sw-25_1,Jan
345,yogendra,28.0828437 81.5956795 92.0 4.551,Banke,sw,bk-sw-27,,,,40,4.6,0.5,3.7,,2021-01-27,,bk-sw-27,Jan
346,yogndra,28.0780663 81.5933074 94.0 4.854,Banke,sw,bk-sw-26,,,,25,5.0,2.55,2.2,,2021-01-27,,bk-sw-26,Jan
347,Subash,28.0804943 81.6419293 114.0 13.349,Banke,sw,bk-sw-01,,,,20,3.6,1.2,2.2,Test,2021-01-27,1611723819300..amr,bk-sw-01,Jan
