date,district,latitude,longitude,altitude,precision,well_type,measurement_point_cm,Measurement_of_tape_ent_point_MP_in_m,gw_level_from_mp,mp_in_m,gw_level,fid,well_no
2021-01-27,Banke,28.1465454,81.5519862,93.0,4.551,sw,27,5.0,2.95,0.27,2.68,24,bk-sw-18_1
2021-01-27,Banke,28.2064949,81.6307264,101.0,4.803,sw,40,8.0,6.5,0.4,6.1,28,bk-sw-03
2021-01-27,Banke,28.2576903,81.6361819,95.0,4.551,sw,15,0.0,0,0.15,-0.15,27,dimage
2021-01-27,Banke,28.1920455,81.5747481,99.0,4.854,sw,29,5.0,3.25,0.29,2.96,26,bk-sw-05_1
2021-01-27,Banke,28.1114479,81.5216935,79.0,4.551,sw,23,7.0,4.95,0.23,4.72,25,bk-sw-19_1
2021-01-27,Banke,28.1287151,81.5894281,88.0,4.551,sw,15,5.0,2.85,0.15,2.7,23,bk-sw-17_1
2021-01-27,Banke,28.1060386,81.5971551,99.0,4.551,sw,35,3.75,3.25,0.35,2.9,22,bk-sw-25_1
2021-01-27,Banke,28.0828437,81.5956795,92.0,4.551,sw,40,4.6,4.1,0.4,3.7,21,bk-sw-27
2021-01-27,Banke,28.0804943,81.6419293,114.0,13.349,sw,20,3.6,2.4000000000000004,0.2,2.2,20,Test
2021-01-27,Banke,28.0780663,81.5933074,94.0,4.854,sw,25,5.0,2.45,0.25,2.2,19,bk-sw-26
2021-01-28,Bardiya,28.1055899,81.4825913,79.0,4.551,dt,10,15.0,10.5,0.1,10.4,49,
2021-01-28,Bardiya,28.0803241,81.64207,64.0,51.578,sw,0,2.0,2,0,2,29,Test
2021-01-28,Bardiya,28.085181,81.5163616,83.0,4.803,dt,25,13.0,12,0.25,11.75,47,1611818785404.amr
2021-01-28,Bardiya,28.0828531,81.5111708,89.0,4.551,dt,24,13.0,9.8,0.24,9.56,50,
2021-01-28,Bardiya,28.0883406,81.502631,89.0,4.854,dt,20,13.0,11.8,0.2,11.6,48,
2021-01-29,Banke,28.0285434,81.6946848,78.0,4.854,sw,55,6.0,4.45,0.55,3.9,31,bk-sw-30
2021-01-29,Banke,27.9833039,81.7132923,84.0,4.551,sw,70,5.0,3.45,0.7,2.75,32,bk-sw-10_1
2021-01-29,Banke,28.0493274,81.6616258,95.0,4.551,sw,36,8.0,5.85,0.36,5.49,30,bk-sw-08_1
2021-01-31,Banke,28.0020439,81.6523786,69.0,4.551,sw,40,6.0,4.3,0.4,3.9,36,bk-sw-29
2021-01-31,Banke,28.0151183,81.6543479,82.0,4.803,sw,60,5.0,2.75,0.6,2.15,35,bk-sw-09_1
2021-01-31,Banke,28.0242587,81.6002836,91.0,4.854,sw,50,6.0,4.65,0.5,4.15,34,bk-sw-11_1
2021-01-31,Banke,28.0507443,81.5861794,89.0,4.854,sw,55,6.0,4.85,0.55,4.3,33,bk-sw-28
2021-02-01,Banke,28.1960977,81.7117444,107.0,4.551,sw,20,5.0,3.15,0.2,2.95,38,bk-sw-01
2021-02-01,Banke,28.1873921,81.6300983,105.0,4.551,sw,65,5.0,2.35,0.65,1.7,37,bk-sw-04
2021-02-03,Banke,28.13181,81.6588146,97.0,4.854,sw,45,5.0,2.2,0.45,1.75,41,bk-sw-06_1
2021-02-03,Banke,28.0928582,81.6478693,99.0,4.551,sw,15,4.15,3.6500000000000004,0.15,3.5,40,bk-sw-07_1
2021-02-03,Bardiya,28.189743,81.3836823,90.0,4.854,sw,30,5.0,4,0.3,3.7,54,
2021-02-03,Bardiya,28.1656409,81.5008473,94.0,4.854,sw,70,7.0,4.8,0.7,4.1,53,
2021-02-03,Bardiya,28.1691594,81.3378798,89.0,4.803,sw,40,9.0,6,0.4,5.6,55,
2021-02-03,Bardiya,28.1464123,81.4790915,84.0,4.551,sw,30,8.0,5,0.3,4.7,52,
2021-02-03,Bardiya,28.1486845,81.4968653,88.0,6.674,sw,40,5.0,3.8,0.4,3.4,51,
2021-02-03,Bardiya,28.2385395,81.2889351,104.0,4.803,sw,20,13.0,9.4,0.2,9.2,56,
2021-02-03,Bardiya,28.2504704,81.3107656,104.0,4.854,sw,50,7.0,5,0.5,4.5,57,
2021-02-03,Bardiya,28.3349604,81.2660784,104.0,6.068,sw,10,5.0,3,0.1,2.9,58,
2021-02-03,Banke,28.0812224,81.6450643,94.0,4.551,sw,54,6.0,3.55,0.54,3.01,39,bk-sw-24_1
2021-02-03,Bardiya,28.2795711,81.2628225,103.0,4.854,sw,40,13.0,11,0.4,10.6,59,
2021-02-05,Banke,28.0513081,81.6024541,86.0,4.551,dt,27,5.0,3.95,0.27,3.68,42,bk-dw-05
2021-02-05,Banke,28.1132361,81.5173035,91.0,4.551,dt,49,15.0,11.3,0.49,10.81,43,bk-dw-04_1
2021-02-05,Banke,28.1223281,81.5165796,90.0,4.854,dt,42,13.0,11.25,0.42,10.83,44,bk-dw-03
2021-02-05,Banke,28.0960436,81.5211363,84.0,4.551,dt,25,13.0,11.2,0.25,10.95,45,bk-dw-02
2021-02-05,Banke,28.0818215,81.5466409,84.0,4.551,dt,37,15.0,11.35,0.37,10.98,46,bk-dw-01
2021-02-08,Bardiya,28.1880467,81.479971,85.0,4.854,sw,40,5.0,4,0.4,3.6,60,
2021-02-08,Bardiya,28.2490131,81.5848865,102.0,4.803,sw,10,8.0,5,0.1,4.9,62,
2021-02-08,Bardiya,28.2282732,81.5671712,103.0,4.854,sw,40,10.0,6,0.4,5.6,63,
2021-02-08,Bardiya,28.3512356,81.4297427,107.0,4.854,sw,40,5.0,3,0.4,2.6,65,
2021-02-08,Bardiya,28.3065235,81.3591491,67.0,4.854,sw,75,5.0,3.4,0.75,2.65,68,
2021-02-08,Bardiya,28.289843,81.4420836,100.0,6.674,sw,32,5.0,3,0.32,2.68,64,
2021-02-08,Bardiya,28.3056157,81.3593068,111.0,4.854,sw,45,8.0,4,0.45,3.55,67,
2021-02-08,Bardiya,28.301372,81.3365896,98.0,4.854,sw,60,7.0,3,0.6,2.4,66,
2021-02-08,Bardiya,28.2364793,81.5477362,95.0,4.551,sw,0,3.0,2,0,2,61,
2021-02-09,Bardiya,28.0731098,81.5542463,88.0,7.585,sw,55,4.0,2.1,0.55,1.55,70,
2021-02-09,Bardiya,28.0731407,81.5542272,82.0,4.854,sw,10,3.0,2,0.1,1.9,69,
2021-02-09,Bardiya,28.073127,81.5541212,84.0,10.922,sw,60,5.0,3.3,0.6,2.7,71,
2021-02-20,Banke,28.0780604,81.5932225,97.16194288745902,4.854,sw,25,5.0,2.69,0.25,2.44,10,bk-sw-26
2021-02-20,Banke,28.1287297,81.5894124,88.46230121420037,4.854,sw,15,5.0,3.2199999999999998,0.15,3.07,9,bk-sw-17_1
2021-02-22,Banke,28.0020096,81.6522108,107.77393555615072,4.854,sw,40,6.0,4.5,0.4,4.1,7,bk-sw-29
2021-02-22,Banke,28.0242741,81.6002787,89.81682168351188,4.854,sw,50,7.0,5.18,0.5,4.68,11,bk-sw-11_1
2021-02-22,Banke,28.0151149,81.6542853,86.65167613637765,4.854,sw,60,5.0,2.98,0.6,2.38,8,bk-sw-09_1
2021-02-24,Banke,28.0507648,81.5861597,99.08832275188804,4.551,sw,55,7.0,5.15,0.55,4.6,97,bk-sw-28
2021-02-25,Banke,28.0812296,81.6450593,107.35515950953524,4.551,sw,54,6.0,4.05,0.54,3.51,100,bk-sw-24_1
2021-02-25,Banke,28.1318094,81.6588648,108.93264494159047,4.551,sw,45,5.0,2.35,0.45,1.9,98,bk-sw-06_1
2021-02-25,Banke,28.0928569,81.6478714,101.68621225168131,4.551,sw,15,4.35,3.8499999999999996,0.15,3.7,99,bk-sw-07_1
2021-02-25,Bardiya,28.0852203,81.5164757,101.26572693436447,4.854,dt,25,13.0,12.2,0.25,11.95,72,
2021-02-28,Banke,28.1873729,81.630073,120.06170870396069,4.854,sw,65,5.0,2.48,0.65,1.83,104,bk-sw-04
2021-02-28,Banke,28.1921073,81.5747382,93.94653314024943,4.803,sw,29,5.0,3.3,0.29,3.01,103,bk-sw-05_1
2021-02-28,Bardiya,28.1056335,81.4826266,101.64972244421142,4.551,dt,10,15.0,11,0.1,10.9,75,
2021-02-28,Bardiya,28.0883672,81.5027316,93.64420265399683,4.854,dt,20,13.0,12,0.2,11.8,74,
2021-02-28,Bardiya,28.0828814,81.5111584,96.91293395289823,4.854,dt,24,14.0,10,0.24,9.76,73,
2021-02-28,Banke,28.206544,81.6307359,111.39332472668187,4.803,sw,40,9.0,6.7,0.4,6.3,102,bk-sw-03
2021-02-28,Banke,28.1961034,81.711776,118.65058920259087,4.854,sw,20,5.0,3.5,0.2,3.3,101,bk-sw-01
2021-03-01,Banke,28.0830308,81.5956368,104.12210698051976,4.551,sw,40,4.8,4.3,0.4,3.9,105,bk-sw-27
2021-03-01,Banke,28.1465538,81.5519786,99.09388732335618,4.551,sw,27,5.0,3.4,0.27,3.13,107,bk-sw-18_1
2021-03-01,Banke,28.1060812,81.5971233,104.21288580035973,4.551,sw,35,3.9,3.4,0.35,3.05,106,bk-sw-25_1
2021-03-02,Banke,28.0513296,81.6024401,99.78216916808152,4.803,dt,27,6.0,4.2,0.27,3.93,108,bk-dw-05
2021-03-02,Banke,28.0959921,81.521179,94.74799728729445,4.854,dt,25,15.0,11.35,0.25,11.1,112,bk-dw-02
2021-03-02,Banke,28.1222988,81.5166218,98.51146259885857,4.551,dt,42,13.0,11.45,0.42,11.03,111,bk-dw-03
2021-03-02,Banke,28.1114455,81.5216505,96.5277953917899,4.854,sw,23,7.0,5.5,0.23,5.27,109,bk-sw-19_1
2021-03-02,Bardiya,28.1691837,81.3378857,96.73433746866007,4.854,sw,40,8.0,6,0.4,5.6,81,
2021-03-02,Banke,28.0818033,81.5465529,103.48403618550809,4.803,dt,37,13.0,11.35,0.37,10.98,113,bk-dw-01
2021-03-02,Bardiya,28.1897781,81.3836074,94.92469693880524,4.803,sw,30,6.0,5,0.3,4.7,80,
2021-03-02,Banke,28.1132621,81.5173494,102.95116262915187,4.803,dt,49,15.0,11.4,0.49,10.91,110,bk-dw-04_1
2021-03-02,Bardiya,28.1656437,81.5007906,102.14761240311637,4.854,sw,40,5.0,4.6,0.4,4.2,78,
2021-03-02,Bardiya,28.1486586,81.4968512,114.17191698239404,4.551,sw,70,5.0,4.5,0.7,3.8,76,
2021-03-02,Bardiya,28.1464325,81.4790871,114.80654216916955,4.551,sw,30,7.0,6,0.3,5.7,77,
2021-03-02,Bardiya,28.1880313,81.4798915,121.2782591623503,4.803,sw,40,5.0,4.4,0.4,4,79,
2021-03-03,Banke,28.0285545,81.6946709,100.51913615300215,4.551,sw,55,6.0,4.7,0.55,4.15,115,bk-sw-30
2021-03-03,Banke,27.9834125,81.7133541,89.83573954444914,4.803,sw,70,5.0,3.67,0.7,2.97,116,bk-sw-10_1
2021-03-03,Banke,28.0494204,81.6616308,95.60796911318198,4.551,sw,36,8.0,6.35,0.36,5.99,114,bk-sw-08_1
2021-03-07,Bardiya,28.3056749,81.3593067,100.86351665322108,4.803,sw,45,5.0,4.1,0.45,3.65,88,
2021-03-07,Bardiya,28.3062108,81.3598135,118.06436491626144,4.803,sw,75,4.0,3.6,0.75,2.85,89,
2021-03-07,Bardiya,28.3512284,81.4297636,119.67341249566695,4.854,sw,40,4.0,3.2,0.4,2.8,86,
2021-03-07,Bardiya,28.2898343,81.4420493,126.95142862473695,4.854,sw,32,4.0,3.1,0.32,2.78,85,
2021-03-07,Bardiya,28.2282382,81.5671037,115.9142519379145,4.854,sw,40,7.0,6.2,0.4,5.8,84,
2021-03-07,Bardiya,28.2491036,81.5849593,108.6977505978707,4.551,sw,10,6.0,5.2,0.1,5.1,83,
2021-03-07,Bardiya,28.2363902,81.5476911,101.27054109400545,4.551,sw,0,2.5,2.1,0,2.1,82,
2021-03-07,Bardiya,28.3014031,81.336592,104.1813218362487,4.854,sw,60,4.0,3.2,0.6,2.6,87,
2021-03-11,Bardiya,28.2384443,81.2889979,99.38020721660625,4.551,sw,20,11.0,10,0.2,9.8,90,
2021-03-11,Bardiya,28.2794958,81.2629023,107.03814142257802,4.854,sw,40,12.0,11.2,0.4,10.8,92,
2021-03-11,Bardiya,28.3350722,81.266166,111.60088699702597,4.803,sw,10,4.0,3,0.1,2.9,93,
2021-03-11,Bardiya,28.0714983,81.5555563,99.08029075331622,4.551,sw,55,3.0,2.2,0.55,1.65,94,
2021-03-11,Bardiya,28.0731024,81.5542315,86.99709783240762,4.854,sw,60,4.0,3.5,0.6,2.9,95,
2021-03-11,Bardiya,28.0731672,81.5542815,104.94542163409031,4.551,sw,10,3.0,2.2,0.1,2.1,96,
2021-03-11,Bardiya,28.2486034,81.3085296,90.5413812870741,4.803,sw,50,6.0,5.2,0.5,4.7,91,
2021-03-13,Bardiya,28.0852756,81.5164958,93.39883379549784,4.854,dt,25,15.0,14,0.25,13.75,135,
2021-03-30,Banke,28.002087,81.652334,74.79502092410074,4.803,sw,40,7.0,4.95,0.4,4.55,119,bk-sw-29
2021-03-30,Banke,28.0150979,81.6543421,79.45554699138219,4.854,sw,60,5.0,3.2,0.6,2.6,118,bk-sw-09_1
2021-03-30,Banke,28.0243004,81.6002834,85.53872048691571,4.551,sw,50,7.0,5.4,0.5,4.9,117,bk-sw-11_1
2021-04-01,Bardiya,28.1056721,81.482622,97.9604413131479,4.551,dt,10,13.0,12,0.1,11.9,138,
2021-04-01,Banke,28.0285641,81.6947339,83.35339274716405,4.854,sw,55,6.0,4.85,0.55,4.3,120,bk-sw-30
2021-04-01,Banke,27.98343,81.713307,73.34943673778383,4.551,sw,70,5.0,3.77,0.7,3.07,121,bk-sw-10_1
2021-04-01,Bardiya,28.082907,81.5111801,99.5016497333836,4.803,dt,24,14.0,10.2,0.24,9.96,136,
2021-04-01,Bardiya,28.0883862,81.5027232,100.62413342298225,4.551,dt,20,14.0,12.2,0.2,12,137,
2021-04-01,Banke,28.0493765,81.6617097,93.93173480873038,4.551,sw,36,8.0,6.5,0.36,6.14,122,bk-sw-08_1
2021-04-02,Bardiya,28.3034656,81.3628923,93.84228750534798,4.551,sw,60,5.0,3.8,0.6,3.2,144,
2021-04-02,Banke,28.206532,81.6306905,107.15215606637075,4.803,sw,40,9.0,7.25,0.4,6.85,124,bk-sw-03
2021-04-02,Banke,28.1873992,81.6299874,104.63128751372183,4.551,sw,65,5.0,2.93,0.65,2.28,126,bk-sw-04
2021-04-02,Bardiya,28.3512469,81.4297408,106.21650332250346,4.854,sw,40,5.0,4,0.4,3.6,143,
2021-04-02,Bardiya,28.2898387,81.4420108,107.79121571638501,4.854,sw,32,5.0,3.3,0.32,2.98,142,
2021-04-02,Bardiya,28.2364874,81.547728,87.96004384746297,4.551,sw,0,4.0,2.3,0,2.3,141,
2021-04-02,Bardiya,28.2490794,81.5849847,104.17643321182874,4.854,sw,10,7.0,6,0.1,5.9,140,
2021-04-02,Bardiya,28.2283231,81.5671834,99.89142916824524,4.803,sw,40,8.0,6.3,0.4,5.9,139,
2021-04-02,Bardiya,28.3062642,81.3597118,89.7356624809828,4.551,sw,45,6.0,4.3,0.45,3.85,145,
2021-04-02,Bardiya,28.3061076,81.3596523,84.94281640751262,4.551,sw,75,6.0,4,0.75,3.25,146,
2021-04-02,Banke,28.1920742,81.5747772,89.91490084008717,4.551,sw,29,5.0,3.4,0.29,3.11,125,bk-sw-05_1
2021-04-02,Banke,28.1960804,81.7117424,127.62967228481328,4.854,sw,20,5.0,3.66,0.2,3.46,123,bk-sw-01
2021-04-03,Banke,28.078045,81.5932275,84.9956152614164,4.854,sw,25,5.0,3.08,0.25,2.83,127,bk-sw-26
2021-04-03,Banke,28.0830206,81.5956341,76.27681261735586,4.803,sw,40,4.9,4.4,0.4,4,128,bk-sw-27
2021-04-03,Banke,28.1060287,81.5971035,84.74134994144606,4.551,sw,35,4.1,3.5999999999999996,0.35,3.25,129,bk-sw-25_1
2021-04-03,Banke,28.1287337,81.5893729,87.98446775075215,4.551,sw,15,5.0,3.95,0.15,3.8,130,bk-sw-17_1
2021-04-03,Banke,28.1465581,81.5519536,103.6786630334175,4.551,sw,27,5.0,3.92,0.27,3.65,131,bk-sw-18_1
2021-04-04,Bardiya,28.1691931,81.3378602,82.55503321299061,4.854,sw,40,8.0,6.5,0.4,6.1,152,
2021-04-04,Bardiya,28.2795566,81.2628796,101.39670729066788,4.803,sw,40,14.0,12,0.4,11.6,154,
2021-04-04,Bardiya,28.189743,81.3836249,83.74002506849011,4.854,sw,30,6.0,5,0.3,4.7,151,
2021-04-04,Bardiya,28.2473471,81.3078664,104.48587272855438,4.803,sw,50,7.0,5.5,0.5,5,153,
2021-04-04,Bardiya,28.1487395,81.4968819,80.50877891180384,4.854,sw,40,6.0,5,0.4,4.6,147,
2021-04-04,Banke,28.0928489,81.6478628,94.33627246343464,4.854,sw,15,4.95,4.45,0.15,4.3,133,bk-sw-07_1
2021-04-04,Banke,28.0812185,81.645044,101.03061213006376,4.803,sw,54,6.0,4.45,0.54,3.91,134,bk-sw-24_1
2021-04-04,Banke,28.1317973,81.6588377,98.44866010861558,4.803,sw,45,5.0,2.74,0.45,2.29,132,bk-sw-06_1
2021-04-04,Bardiya,28.1656501,81.5008536,91.32159697499588,4.551,sw,0,7.0,5.1,0,5.1,149,
2021-04-04,Bardiya,28.1880624,81.4799019,81.2009829044684,4.854,sw,40,6.0,4.8,0.4,4.4,150,
2021-04-04,Bardiya,28.1463687,81.4791724,101.58299779638564,4.551,sw,30,8.0,6.2,0.3,5.9,148,
2021-04-04,Bardiya,28.3287679,81.2715464,121.20034075891353,4.551,sw,10,5.0,3.2,0.1,3.1,155,
2021-04-06,Bardiya,28.0731597,81.5542048,89.54488569715397,4.803,sw,55,4.0,3,0.55,2.45,156,
2021-04-06,Bardiya,28.0730776,81.5542921,93.41935404156682,4.854,sw,10,4.0,2.5,0.1,2.4,157,
2021-04-07,Bardiya,28.071498,81.5555033,83.979209134853,4.854,sw,60,5.0,4,0.6,3.4,158,
2021-04-07,Banke,28.0513467,81.6024627,88.18992511762305,4.551,dt,27,6.0,4.6,0.27,4.33,13,bk-dw-05
2021-04-07,Banke,28.1114016,81.521705,61.428869979187425,4.551,sw,23,7.0,5.85,0.23,5.62,15,bk-sw-19_1
2021-04-07,Banke,28.1223001,81.5166134,85.04392023801582,4.551,dt,42,13.0,11.55,0.42,11.13,16,bk-dw-03
2021-04-07,Banke,28.0960803,81.5211436,83.4512369483592,4.551,dt,25,15.0,11.45,0.25,11.2,17,bk-dw-02
2021-04-07,Banke,28.0818634,81.5466079,82.31648677449924,4.854,dt,37,15.0,11.45,0.37,11.08,18,bk-dw-01
2021-04-07,Banke,28.1132041,81.5172749,84.55165311736327,4.854,dt,49,15.0,11.55,0.49,11.06,12,bk-dw-04_1
2021-04-07,Banke,28.0508057,81.5862265,87.09753899548474,4.803,sw,55,7.0,5.5,0.55,4.95,14,bk-sw-28
2021-04-11,Bardiya,28.0852283,81.5164006,82.36269503406035,4.803,dt,25,12.0,10.4,0.25,10.15,184,
2021-04-22,Banke,27.9833849,81.7132719,88.01714523602642,4.551,sw,70,6.0,3.83,0.7,3.13,162,bk-sw-10_1
2021-04-22,Banke,28.0285383,81.6947455,93.6523845583338,4.551,sw,55,6.0,4.95,0.55,4.4,161,bk-sw-30
2021-04-22,Banke,28.04937,81.6616595,96.96271786018812,4.854,sw,36,8.0,6.8,0.36,6.44,160,bk-sw-08_1
2021-04-23,Banke,28.0020628,81.6523544,84.81285054730857,4.551,sw,40,7.0,5.1,0.4,4.7,164,bk-sw-29
2021-04-23,Banke,28.0242383,81.6002699,86.62625994039676,4.551,sw,50,7.0,5.54,0.5,5.04,159,bk-sw-11_1
2021-04-23,Banke,28.0151007,81.6543121,89.52724814325752,4.854,sw,60,5.0,3.3,0.6,2.7,163,bk-sw-09_1
2021-04-26,Banke,28.083025,81.5955229,105.59481440471494,4.854,sw,40,5.2,4.7,0.4,4.3,167,bk-sw-27
2021-04-26,Banke,28.146524,81.5519813,84.54793683203913,4.551,sw,27,6.0,4.3,0.27,4.03,170,bk-sw-18_1
2021-04-26,Banke,28.0780817,81.5932166,82.84832140103399,4.854,sw,25,5.0,3.33,0.25,3.08,166,bk-sw-26
2021-04-26,Banke,28.050811,81.5861641,82.69485201608745,4.551,sw,55,7.0,5.95,0.55,5.4,165,bk-sw-28
2021-04-26,Banke,28.1287134,81.5893535,94.29315716249143,4.854,sw,15,6.0,4.25,0.15,4.1,169,bk-sw-17_1
2021-04-26,Banke,28.1060556,81.5971341,90.17572515657702,4.803,sw,35,4.3,3.8,0.35,3.45,168,bk-sw-25_1
2021-04-30,Banke,28.1223559,81.5165505,83.68454144841976,4.551,dt,42,13.0,11.65,0.42,11.23,173,bk-dw-03
2021-04-30,Banke,28.1132901,81.5172898,83.52860872319646,4.551,dt,49,15.0,11.65,0.49,11.16,174,bk-dw-04_1
2021-04-30,Banke,28.096096,81.5211544,85.44713239862861,4.551,dt,25,15.0,11.55,0.25,11.3,175,bk-dw-02
2021-04-30,Banke,28.0817476,81.546588,109.66800213435707,4.854,dt,37,13.0,11.5,0.37,11.13,176,bk-dw-01
2021-04-30,Banke,28.0512932,81.6024374,91.96201722181954,4.803,dt,27,7.0,4.8,0.27,4.53,171,bk-dw-05
2021-04-30,Banke,28.1114846,81.521617,85.10593739864272,4.854,sw,23,8.0,6.05,0.23,5.82,172,bk-sw-19_1
2021-05-02,Bardiya,28.1055615,81.4827864,85.0753903597881,4.854,dt,10,14.0,12.5,0.1,12.4,187,
2021-05-02,Bardiya,28.0883799,81.5027349,91.75614843757998,4.803,dt,20,16.0,14.4,0.2,14.2,186,
2021-05-02,Bardiya,28.0828898,81.5111103,72.26019646886688,4.854,dt,24,14.0,12.2,0.24,11.96,185,
2021-05-03,Bardiya,28.3287711,81.2715109,104.56525114632025,4.854,sw,10,5.0,4,0.1,3.9,196,
2021-05-03,Bardiya,28.2797085,81.2629711,70.77046546934865,4.854,sw,40,14.0,12.2,0.4,11.8,195,
2021-05-03,Bardiya,28.247389,81.307814,97.79387220569281,4.854,sw,50,7.0,6,0.5,5.5,194,
2021-05-03,Bardiya,28.1691666,81.3378431,85.67579246810156,4.854,sw,40,8.0,7,0.4,6.6,193,
2021-05-03,Bardiya,28.1896655,81.3835948,85.19132760630809,4.551,sw,30,7.0,5.2,0.3,4.9,192,
2021-05-03,Bardiya,28.1655666,81.5009192,94.49468384052722,4.803,sw,70,7.0,5.3,0.7,4.6,190,
2021-05-03,Bardiya,28.1463616,81.4791081,92.15119572241383,4.803,sw,30,8.0,6.3,0.3,6,189,
2021-05-03,Bardiya,28.1486882,81.4968085,97.00529681083934,4.551,sw,40,7.0,5.1,0.4,4.7,188,
2021-05-03,Bardiya,28.1880204,81.4800895,90.26568924118823,4.854,sw,40,6.0,5,0.4,4.6,191,
2021-05-04,Banke,28.1873611,81.6300829,99.16882140019185,4.551,sw,65,5.0,3.33,0.65,2.68,183,bk-sw-04
2021-05-04,Banke,28.206479,81.6307385,102.93040548102256,4.854,sw,40,9.0,7.75,0.4,7.35,181,bk-sw-03
2021-05-04,Banke,28.1960893,81.7117338,114.67803958931864,4.551,sw,20,5.0,3.8600000000000003,0.2,3.66,180,bk-sw-01
2021-05-04,Banke,28.1317866,81.6587726,93.92316420348556,4.803,sw,45,5.0,3.04,0.45,2.59,179,bk-sw-06_1
2021-05-04,Banke,28.0928844,81.6478464,94.60841958761327,4.551,sw,15,5.4,4.9,0.15,4.75,178,bk-sw-07_1
2021-05-04,Banke,28.0812129,81.6451034,88.40708266797988,4.854,sw,54,6.0,4.85,0.54,4.31,177,bk-sw-24_1
2021-05-04,Banke,28.192094,81.5747806,85.33743342011614,4.551,sw,29,5.0,3.45,0.29,3.16,182,bk-sw-05_1
2021-05-11,Bardiya,28.0726661,81.5550289,88.4754930469689,4.803,sw,60,6.0,5,0.6,4.4,199,
2021-05-11,Bardiya,28.0730391,81.5543626,77.4547242895659,4.551,sw,10,4.0,3,0.1,2.9,198,
2021-05-11,Bardiya,28.0732362,81.5542298,87.91501058041705,4.854,sw,55,5.0,3.2,0.55,2.65,197,
2021-05-12,Bardiya,28.2490759,81.5850066,105.65349682577164,4.854,sw,40,8.0,6.2,0.4,5.8,201,
2021-05-12,Bardiya,28.2363039,81.5474052,111.57403489786903,4.551,sw,0,4.0,2.6,0,2.6,200,
2021-05-12,Bardiya,28.3056538,81.3593227,98.33427251366963,4.551,sw,60,5.0,4,0.6,3.4,206,
2021-05-12,Bardiya,28.3065034,81.3591938,82.84473526781777,4.803,sw,75,6.0,4.3,0.75,3.55,207,
2021-05-12,Bardiya,28.3061841,81.3597472,97.73312643004091,4.551,sw,45,6.0,5,0.45,4.55,205,
2021-05-12,Bardiya,28.2272298,81.5711189,105.65349682577164,4.803,sw,10,8.0,6.5,0.1,6.4,202,
2021-05-12,Bardiya,28.351191,81.4297489,109.68273454813199,4.854,sw,40,6.0,4.2,0.4,3.8,204,
2021-05-12,Bardiya,28.2897791,81.4420663,108.20380514467726,4.803,sw,32,5.0,4,0.32,3.68,203,
2021-05-28,Banke,28.0151196,81.6543402,89.1867064656052,4.551,sw,60,5.0,3.26,0.6,2.66,209,bk-sw-09_1
2021-05-28,Banke,28.0020503,81.6523608,77.31210202905177,4.854,sw,40,7.0,5,0.4,4.6,210,bk-sw-29
2021-05-28,Banke,28.0242824,81.6002927,83.85836656317899,4.854,sw,50,7.0,5.5,0.5,5,208,bk-sw-11_1
2021-05-30,Banke,28.0285084,81.6947302,99.94750067742251,4.551,sw,55,6.0,4.9,0.55,4.35,212,bk-sw-30
2021-05-30,Banke,27.9833037,81.7134115,91.00598286154765,4.551,sw,70,5.0,3.62,0.7,2.92,213,bk-sw-10_1
2021-05-30,Banke,28.049366,81.6617059,103.19010667812974,4.854,sw,36,8.0,6.6,0.36,6.24,211,bk-sw-08_1
2021-05-31,Banke,28.1287363,81.5894038,86.38434223209704,4.854,sw,15,6.0,4.22,0.15,4.07,217,bk-sw-17_1
2021-05-31,Banke,28.1060616,81.5971125,83.9424239534995,4.551,sw,35,4.25,3.75,0.35,3.4,216,bk-sw-25_1
2021-05-31,Banke,28.0830268,81.5956128,85.93129539776979,4.854,sw,40,5.25,4.75,0.4,4.35,215,bk-sw-27
2021-05-31,Banke,28.078065,81.5932423,99.70166537230462,4.803,sw,25,5.0,3.35,0.25,3.1,214,bk-sw-26
2021-05-31,Banke,28.146539,81.5520658,116.39917487513846,69.023,sw,27,6.0,4,0.27,3.73,218,bk-sw-18_1
2021-06-02,Banke,28.0513305,81.6024486,86.4348803475658,4.854,dt,27,6.0,4.7,0.27,4.43,219,bk-dw-05
2021-06-02,Banke,28.0507597,81.5861889,91.86447364992894,4.551,sw,55,7.0,6.15,0.55,5.6,220,bk-sw-28
2021-06-03,Bardiya,28.0828452,81.5111836,84.44654549989352,4.854,dt,24,11.0,10,0.24,9.76,234,
2021-06-03,Bardiya,28.0851481,81.5164416,86.74715379792804,4.854,dt,25,13.0,12,0.25,11.75,233,
2021-06-03,Banke,28.0818001,81.5465758,87.72579750251839,4.854,dt,37,13.0,11.129999999999999,0.37,10.76,225,bk-dw-01
2021-06-03,Banke,28.0960591,81.5211446,83.06716468452909,4.551,dt,25,13.0,11.4,0.25,11.15,224,bk-dw-02
2021-06-03,Banke,28.1224142,81.5165706,97.94866073939951,4.854,dt,42,13.0,11.45,0.42,11.03,223,bk-dw-03
2021-06-03,Banke,28.1132507,81.5173521,93.88311420385803,4.551,dt,49,10.0,7.75,0.49,7.26,222,bk-dw-04_1
2021-06-03,Bardiya,28.1054668,81.4827798,79.73053913925013,4.803,dt,10,12.0,10.2,0.1,10.1,236,
2021-06-03,Bardiya,28.0883383,81.5027308,91.82764724564169,4.854,dt,20,13.0,12,0.2,11.8,235,
2021-06-03,Banke,28.111471,81.5216667,86.16032390753342,4.803,sw,23,8.0,5.9,0.23,5.67,221,bk-sw-19_1
2021-06-05,Banke,28.1873063,81.6300652,106.36601218002876,4.854,sw,65,5.0,2.56,0.65,1.91,232,bk-sw-04
2021-06-05,Banke,28.0812217,81.6450477,88.47714876386338,4.803,sw,54,5.0,3.55,0.54,3.01,226,bk-sw-24_1
2021-06-05,Banke,28.0928325,81.6477812,103.08150843363556,4.854,sw,15,4.1,3.5999999999999996,0.15,3.45,227,bk-sw-07_1
2021-06-05,Banke,28.1317499,81.6588235,106.53494205818672,4.551,sw,45,5.0,2.15,0.45,1.7,228,bk-sw-06_1
2021-06-05,Banke,28.1961552,81.7119906,96.80919197738407,15.17,sw,20,5.0,3.4,0.2,3.2,229,bk-sw-01
2021-06-05,Banke,28.2064948,81.6307426,110.27958693388672,4.551,sw,40,9.0,7.6,0.4,7.2,230,bk-sw-03
2021-06-05,Banke,28.192112,81.5747878,90.66314017084501,4.803,sw,29,5.0,3.4,0.29,3.11,231,bk-sw-05_1
2021-06-07,Bardiya,28.1896926,81.3836599,97.53402704542424,4.854,sw,30,6.0,5,0.3,4.7,241,
2021-06-07,Bardiya,28.1880287,81.47992,93.21758807496238,4.854,sw,40,5.0,4,0.4,3.6,240,
2021-06-07,Bardiya,28.165612,81.5008629,92.75949082181221,4.803,sw,70,7.0,5.1,0.7,4.4,239,
2021-06-07,Bardiya,28.1463227,81.4792319,93.19272856470515,4.803,sw,30,8.0,6,0.3,5.7,238,
2021-06-07,Bardiya,28.1487553,81.4969459,96.17835771416038,4.803,sw,40,6.0,5,0.4,4.6,237,
2021-06-07,Bardiya,28.247492,81.3080601,113.68960467056324,4.854,sw,50,6.0,4,0.5,3.5,243,
2021-06-07,Bardiya,28.3287566,81.2715499,122.39451065462401,4.551,sw,10,5.0,4,0.1,3.9,245,
2021-06-07,Bardiya,28.1691826,81.3378217,81.71405467671278,4.854,sw,40,5.0,4,0.4,3.6,242,
2021-06-07,Bardiya,28.2795966,81.2629383,91.36498346296538,4.803,sw,40,14.0,12,0.4,11.6,244,
2021-06-09,Bardiya,28.2365263,81.5477659,97.19428848003315,4.803,sw,0,4.0,3,0,3,246,
2021-06-09,Bardiya,28.2490923,81.5849372,107.94908762650178,4.803,sw,40,6.0,5,0.4,4.6,247,
2021-06-09,Bardiya,28.2283599,81.5671117,92.64919927846016,4.854,sw,10,8.0,5.2,0.1,5.1,248,
2021-06-09,Bardiya,28.2897996,81.4420531,106.68836321354627,4.854,sw,32,5.0,3.8,0.32,3.48,249,
2021-06-09,Bardiya,28.3512265,81.4297433,134.99947791481347,4.854,sw,40,6.0,5,0.4,4.6,250,
2021-06-09,Bardiya,28.3062454,81.3597585,93.08310155628344,4.854,sw,60,5.0,3.5,0.6,2.9,298,
2021-06-09,Bardiya,28.306207,81.3597747,97.58736990423863,4.854,sw,75,6.0,4,0.75,3.25,252,
2021-06-09,Bardiya,28.3062446,81.3597735,102.69642601630953,4.551,sw,45,7.0,6,0.45,5.55,251,
2021-06-11,Bardiya,28.0731317,81.5541922,88.77808298150909,4.803,sw,60,6.0,4.5,0.6,3.9,255,
2021-06-11,Bardiya,28.0731963,81.5542336,82.99851946835179,4.551,sw,55,4.0,2.6,0.55,2.05,254,
2021-06-11,Bardiya,28.0731609,81.55413,78.93413194970529,4.854,sw,10,4.0,2.5,0.1,2.4,253,
2021-06-22,Banke,28.0151419,81.6543268,73.21900264738026,4.984,sw,60,5.0,2.78,0.6,2.18,257,bk-sw-09_1
2021-06-22,Banke,28.0242235,81.6002958,97.83926275502972,4.551,sw,50,7.0,5.8,0.5,5.3,256,bk-sw-11_1
2021-06-22,Banke,28.0019837,81.6524184,83.12032862387017,4.803,sw,40,6.0,4.6,0.4,4.2,0,bk-sw-29
2021-06-23,Banke,28.0812159,81.6450163,97.02639652859702,4.551,sw,54,5.0,2.3,0.54,1.76,2,bk-sw-24_1
2021-06-23,Banke,28.0928993,81.6478289,102.18535161537388,4.803,sw,15,2.95,2.45,0.15,2.3,1,bk-sw-07_1
2021-06-25,Banke,27.9833291,81.7133238,81.77689259407666,4.551,sw,70,5.0,2.69,0.7,1.99,5,bk-sw-10_1
2021-06-25,Banke,28.0285301,81.6946952,84.90758921997094,4.551,sw,55,6.0,4.8,0.55,4.25,4,bk-sw-30
2021-06-25,Banke,28.0493766,81.6616486,81.25724309130749,4.854,sw,36,7.0,5.3,0.36,4.94,3,bk-sw-08_1
2021-06-27,Banke,28.0512338,81.6024418,103.20814738517352,4.854,dt,27,6.0,3.7,0.27,3.43,6,bk-dw-05
2021-06-27,Banke,28.05074,81.5861809,90.63869055339899,4.551,sw,55,8.0,6.8,0.55,6.25,258,bk-sw-28
2021-06-27,Banke,28.1115143,81.5216446,86.90497318220324,4.551,sw,23,7.0,5.65,0.23,5.42,259,bk-sw-19_1
2021-06-27,Banke,28.1132491,81.5173495,86.4275587127074,4.551,dt,49,11.0,7.8,0.49,7.31,260,bk-dw-04_1
2021-06-27,Banke,28.1222587,81.5165325,93.85865018509743,4.854,dt,42,15.0,12.1,0.42,11.68,261,bk-dw-03
2021-06-27,Banke,28.0960614,81.5211525,92.26744743036947,4.854,dt,25,15.0,11.95,0.25,11.7,262,bk-dw-02
2021-06-27,Banke,28.0818678,81.5466472,85.26613684146946,4.551,dt,37,13.0,11.25,0.37,10.88,263,bk-dw-01
2021-06-28,Banke,28.1465206,81.5520268,99.46604775668895,4.551,sw,27,5.0,2.8,0.27,2.53,268,bk-sw-18_1
2021-06-28,Banke,28.1287189,81.589423,85.55599554696063,4.854,sw,15,5.0,2.67,0.15,2.52,267,bk-sw-17_1
2021-06-28,Banke,28.0830233,81.5956242,95.67942498117567,6.068,sw,40,4.6,4.1,0.4,3.7,265,bk-sw-27
2021-06-28,Banke,28.0780271,81.5932833,91.58089833272122,4.854,sw,25,5.0,2.57,0.25,2.32,264,bk-sw-26
2021-06-28,Banke,28.1060674,81.5971464,94.00782713025974,4.854,sw,35,3.7,3.2,0.35,2.85,266,bk-sw-25_1
2021-06-29,Banke,28.1960406,81.7117094,115.2896097672967,4.854,sw,20,5.0,2.48,0.2,2.28,269,bk-sw-01
2021-06-29,Banke,28.2065304,81.6307361,102.696006742006,4.803,sw,40,10.0,7.3,0.4,6.9,270,bk-sw-03
2021-06-29,Banke,28.1920662,81.574819,92.80679415892979,4.803,sw,29,5.0,3.3,0.29,3.01,271,bk-sw-05_1
2021-06-29,Banke,28.1873244,81.6301051,109.90054282328481,4.854,sw,65,5.0,1.15,0.65,0.5,272,bk-sw-04
2021-06-29,Banke,28.1317725,81.6588471,104.23475521295485,4.854,sw,45,5.0,0.7199999999999998,0.45,0.27,273,bk-sw-06_1
2021-07-06,Bardiya,28.0852523,81.5163728,83.6368732261931,4.803,dt,25,14.0,12.1,0.25,11.85,274,
2021-07-06,Bardiya,28.0828789,81.5111145,80.8468903454475,4.803,dt,24,12.0,10.2,0.24,9.96,275,
2021-07-06,Bardiya,28.0883557,81.5027002,86.34372548320997,4.854,dt,20,14.0,12.1,0.2,11.9,276,
2021-07-06,Bardiya,28.1056001,81.4828041,86.68986379303561,4.854,dt,10,12.0,10.3,0.1,10.2,277,
2021-07-08,Bardiya,28.2462785,81.3065593,83.77972589092016,4.551,sw,50,6.0,4.2,0.5,3.7,284,
2021-07-08,Bardiya,28.2168546,81.3130813,98.63917636431935,4.854,sw,10,6.0,4.3,0.1,4.2,286,
2021-07-08,Bardiya,28.2462792,81.3065368,84.15604330109332,4.854,sw,40,14.0,12.3,0.4,11.9,285,
2021-07-08,Bardiya,28.1691568,81.3378623,82.37976249806361,4.854,sw,40,8.0,6.2,0.4,5.8,283,
2021-07-08,Bardiya,28.1658782,81.5010353,93.06979498311131,4.854,sw,0,7.0,5.3,0,5.3,280,
2021-07-08,Bardiya,28.1880089,81.4798633,90.77675645417352,4.854,sw,40,6.0,4.2,0.4,3.8,281,
2021-07-08,Bardiya,28.1486814,81.496827,85.64393435665194,4.803,sw,40,7.0,5.2,0.4,4.8,278,
2021-07-08,Bardiya,28.1462923,81.4793364,89.85069285994025,4.551,sw,30,8.0,6.2,0.3,5.9,279,
2021-07-08,Bardiya,28.189708,81.3836147,79.90999113590765,4.803,sw,30,7.0,5.4,0.3,5.1,282,
2021-07-10,Bardiya,28.2364799,81.5477235,100.40017757010291,4.551,sw,0,3.0,2,0,2,287,
2021-07-10,Bardiya,28.2282736,81.5671628,108.88721752823841,4.551,sw,40,4.0,2.2,0.4,1.8,288,
2021-07-10,Bardiya,28.2433795,81.5760717,123.96791085269248,4.854,sw,10,4.0,2.3,0.1,2.2,289,
2021-07-10,Bardiya,28.2897982,81.442027,108.34453365727408,4.854,sw,32,5.0,3.4,0.32,3.08,290,
2021-07-10,Bardiya,28.3008148,81.4351818,127.38841524473544,4.803,sw,40,5.0,3,0.4,2.6,291,
2021-07-10,Bardiya,28.2462445,81.5133919,118.4567225956,4.551,sw,45,7.0,5,0.45,4.55,292,
2021-07-10,Bardiya,28.2165732,81.4892173,112.27314095395266,4.803,sw,60,5.0,3.2,0.6,2.6,293,
2021-07-10,Bardiya,28.1973809,81.4788891,97.80697117590267,4.551,sw,75,5.0,3.4,0.75,2.65,294,
2021-07-11,Bardiya,28.0732531,81.5542073,90.63927340848102,4.854,sw,55,3.0,2,0.55,1.45,295,
2021-07-11,Bardiya,28.0726545,81.555737,92.11743347701531,4.803,sw,10,3.0,1.8,0.1,1.7,296,
2021-07-12,Bardiya,28.0730452,81.5543577,97.94119223795981,4.854,sw,60,5.0,4,0.6,3.4,297,
2021-07-28,Banke,28.0507396,81.5861596,101.01187512783498,4.854,sw,55,6.0,3.75,0.55,3.2,299,bk-sw-28
2021-07-28,Banke,28.0242569,81.6002579,94.10043283194646,4.551,sw,50,5.0,2.85,0.5,2.35,300,bk-sw-11_1
2021-07-28,Banke,28.0020222,81.6523501,97.78657990575097,4.854,sw,40,6.0,4.4,0.4,4,301,bk-sw-29
2021-07-28,Banke,28.0150992,81.6543027,88.4639138786619,4.551,sw,60,5.0,2.5,0.6,1.9,302,bk-sw-09_1
2021-07-29,Banke,28.1318064,81.658843,99.7581389738014,4.551,sw,45,3.0,0.6299999999999999,0.45,0.18,303,bk-sw-06_1
2021-07-29,Banke,28.0928925,81.6478425,102.43208886697725,4.803,sw,15,2.35,1.85,0.15,1.7,304,bk-sw-07_1
2021-07-29,Banke,28.0811704,81.6450556,88.65300726440996,4.854,sw,54,5.0,2,0.54,1.46,305,bk-sw-24_1
2021-07-30,Banke,28.146513,81.5519981,91.42542889937971,4.551,sw,27,5.0,2.1,0.27,1.83,310,bk-sw-18_1
2021-07-30,Banke,28.1287279,81.5893933,94.89367019956954,4.551,sw,15,3.0,0.6000000000000001,0.15,0.45,309,bk-sw-17_1
2021-07-30,Banke,28.1060573,81.5971598,98.80189738543883,4.551,sw,35,2.8,2.3,0.35,1.95,308,bk-sw-25_1
2021-07-30,Banke,28.0830328,81.5956347,104.32663732348149,4.551,sw,40,4.55,4.05,0.4,3.65,307,bk-sw-27
2021-07-30,Banke,28.0780775,81.5932978,89.70384837504258,4.551,sw,25,5.0,2.22,0.25,1.97,306,bk-sw-26
2021-07-31,Bardiya,28.0883482,81.5027487,94.47740629910477,4.551,dt,20,13.0,11,0.2,10.8,326,
2021-07-31,Bardiya,28.1056238,81.4825759,92.7581376692274,4.551,dt,10,11.0,9,0.1,8.9,327,
2021-07-31,Bardiya,28.0852868,81.5164307,82.02176208958439,4.854,dt,25,12.0,11,0.25,10.75,324,
2021-07-31,Bardiya,28.0827807,81.5111925,88.7112428009961,4.551,dt,24,12.0,10,0.24,9.76,325,
2021-08-01,Banke,27.9833301,81.7132518,88.99722165254063,4.854,sw,70,5.0,2.8,0.7,2.1,313,bk-sw-10_1
2021-08-01,Banke,28.0285244,81.6947762,89.73743745717223,4.551,sw,55,6.0,4.6,0.55,4.05,312,bk-sw-30
2021-08-01,Banke,28.0493632,81.6616934,99.45600637836037,4.551,sw,36,6.0,4.45,0.36,4.09,311,bk-sw-08_1
2021-08-04,Bardiya,28.2194054,81.3116733,90.75116552619151,4.854,sw,50,3.0,1,0.5,0.5,334,
2021-08-04,Bardiya,28.1873754,81.3347824,87.12607686828471,4.803,sw,40,4.0,2.4,0.4,2,333,
2021-08-04,Bardiya,28.1880466,81.4799114,97.94417940144872,4.551,sw,40,3.0,2,0.4,1.6,331,
2021-08-04,Bardiya,28.1657641,81.5009533,80.40591800780668,4.803,sw,70,6.0,4.1,0.7,3.4,330,
2021-08-04,Bardiya,28.1607741,81.5015221,88.60528801911359,4.551,sw,30,7.0,5,0.3,4.7,329,
2021-08-04,Bardiya,28.1478396,81.4992551,83.27961892399249,4.854,sw,40,5.0,4,0.4,3.6,328,
2021-08-04,Bardiya,28.2179781,81.3042395,95.37287826827239,4.854,sw,40,12.0,10,0.4,9.6,335,
2021-08-04,Bardiya,28.1897239,81.383618,85.65240648033817,4.803,sw,30,4.0,2.5,0.3,2.2,332,
2021-08-04,Bardiya,28.2130177,81.3270243,89.87357367054865,4.551,sw,10,5.0,3,0.1,2.9,336,
2021-08-07,Banke,28.1223067,81.5166361,97.53579441475348,4.854,dt,42,15.0,12.25,0.42,11.83,318,bk-dw-03
2021-08-07,Banke,28.1132608,81.5173165,84.92499894578175,4.854,dt,49,10.0,7.07,0.49,6.58,317,bk-dw-04_1
2021-08-07,Banke,28.1114538,81.5216498,81.78706569051101,4.803,sw,23,6.0,4.7,0.23,4.47,316,bk-sw-19_1
2021-08-07,Banke,28.0960082,81.5211301,87.06208297150977,4.854,dt,25,15.0,11.85,0.25,11.6,315,bk-dw-02
2021-08-07,Banke,28.0818831,81.5466715,78.7136367903982,4.854,dt,37,13.0,11.43,0.37,11.06,314,bk-dw-01
2021-08-08,Banke,28.1873633,81.6301126,104.93348145863133,4.551,sw,65,3.0,0.8999999999999999,0.65,0.25,322,bk-sw-04
2021-08-08,Bardiya,28.1938307,81.4798692,99.8562533972747,4.803,sw,60,4.0,2.2,0.6,1.6,343,
2021-08-08,Bardiya,28.1976928,81.4789118,103.65591418252136,4.803,sw,45,5.0,3,0.45,2.55,342,
2021-08-08,Bardiya,28.2140378,81.4888619,108.71901051283,4.803,sw,40,3.0,1.5,0.4,1.1,341,
2021-08-08,Bardiya,28.2376965,81.504949,115.70759715027975,4.854,sw,32,4.0,1.7999999999999998,0.32,1.48,340,
2021-08-08,Bardiya,28.2259072,81.4953411,118.57153403694618,4.551,sw,10,4.0,2,0.1,1.9,339,
2021-08-08,Banke,28.0512553,81.6024744,92.51546984788273,4.803,dt,27,5.0,2.95,0.27,2.68,323,bk-dw-05
2021-08-08,Bardiya,28.2172162,81.4894308,108.37573698392666,4.551,sw,0,2.0,1,0,1,337,
2021-08-08,Bardiya,28.1901003,81.4801999,95.96191099421911,4.803,sw,75,4.0,2.3,0.75,1.55,344,
2021-08-08,Banke,28.1960206,81.7116576,126.3943080324836,4.854,sw,20,5.0,2.15,0.2,1.95,319,bk-sw-01
2021-08-08,Banke,28.2065539,81.6306942,109.95506845582334,4.551,sw,40,8.0,6.9,0.4,6.5,320,bk-sw-03
2021-08-08,Banke,28.1920904,81.5748116,108.15496247199881,4.854,sw,29,5.0,3.2,0.29,2.91,321,bk-sw-05_1
2021-08-08,Bardiya,28.2214914,81.491992,112.19259305484597,4.551,sw,40,4.0,2,0.4,1.6,338,
2021-08-09,Bardiya,28.0730454,81.5542845,77.85358932485494,4.551,sw,60,4.0,2.1,0.6,1.5,347,
2021-08-09,Bardiya,28.0730752,81.5541683,99.01915621465078,13.653,sw,10,3.0,1,0.1,0.9,345,
2021-08-09,Bardiya,28.0731736,81.5542198,78.23443176682117,15.473,sw,55,3.0,1.2,0.55,0.65,346,
2021-08-31,Banke,28.0243326,81.6002799,85.6616394736469,4.854,sw,50,3.0,1.4,0.5,0.9,348,bk-sw-11_1
2021-08-31,Banke,28.0020946,81.6523613,84.67960843292502,4.551,sw,40,5.0,2.45,0.4,2.05,349,bk-sw-29
2021-08-31,Banke,28.0150606,81.6542974,74.85304205400666,4.551,sw,60,3.0,0.7999999999999998,0.6,0.2,350,bk-sw-09_1
2021-09-01,Banke,28.1317777,81.6588274,103.59862451197675,4.551,sw,45,3.0,0.6200000000000001,0.45,0.17,351,bk-sw-06_1
2021-09-01,Banke,28.0928438,81.6478633,97.63300534035456,4.551,sw,15,1.5,1,0.15,0.85,352,bk-sw-07_1
2021-09-01,Banke,28.081233,81.6450482,92.01099900368557,4.551,sw,54,3.0,1.7,0.54,1.16,353,bk-sw-24_1
2021-09-02,Banke,28.0506907,81.5861034,86.38703750688711,4.551,sw,55,5.0,2.05,0.55,1.5,354,bk-sw-28
2021-09-03,Bardiya,28.0829093,81.5110857,89.25388618385666,4.854,dt,24,10.0,8,0.24,7.76,374,
2021-09-03,Bardiya,28.0884606,81.5033318,94.2461258667612,4.551,dt,20,13.0,10,0.2,9.8,375,
2021-09-03,Bardiya,28.1036987,81.4856091,91.54476085821805,4.854,dt,10,10.0,8,0.1,7.9,376,
2021-09-03,Bardiya,28.0852449,81.5164363,90.74650764037362,4.854,dt,25,11.0,9,0.25,8.75,373,
2021-09-05,Banke,28.1465553,81.5520084,89.94523629247716,4.803,sw,27,2.0,0.8500000000000001,0.27,0.58,359,bk-sw-18_1
2021-09-05,Banke,28.1060374,81.5971194,84.01911450319037,4.803,sw,35,1.65,1.15,0.35,0.8,357,bk-sw-25_1
2021-09-05,Banke,28.08304,81.5956418,96.94569972033395,4.803,sw,40,2.9,2.4,0.4,2,356,bk-sw-27
2021-09-05,Banke,28.1287102,81.5893802,89.88541733933513,4.854,sw,15,1.0,0.19999999999999996,0.15,0.05,358,bk-sw-17_1
2021-09-05,Banke,28.0782337,81.5931892,97.69552314397365,4.551,sw,25,3.0,0.8500000000000001,0.25,0.6,355,bk-sw-26
2021-09-06,Banke,28.0285613,81.6947298,98.73463961545653,4.803,sw,55,4.0,3.5,0.55,2.95,361,bk-sw-30
2021-09-06,Banke,28.0493642,81.6616282,106.46103122032125,4.984,sw,36,3.5,3,0.36,2.64,360,bk-sw-08_1
2021-09-06,Banke,27.9831339,81.7131458,80.01115213430512,4.551,sw,70,3.0,1.42,0.7,0.72,362,bk-sw-10_1
2021-09-07,Bardiya,28.192778,81.3522377,83.39975802415115,4.551,sw,40,11.0,9,0.4,8.6,385,
2021-09-07,Bardiya,28.2210711,81.3101638,95.67170208996562,4.803,sw,10,4.0,2.3,0.1,2.2,384,
2021-09-07,Bardiya,28.2138282,81.3252179,92.18687194930048,4.803,sw,50,2.0,0.8,0.5,0.3,383,
2021-09-07,Bardiya,28.1947192,81.3381693,77.80974740548542,4.854,sw,40,4.0,2,0.4,1.6,382,
2021-09-07,Bardiya,28.1897892,81.3835862,86.06925291896665,4.551,sw,30,3.0,2,0.3,1.7,381,
2021-09-07,Bardiya,28.188029,81.4801076,89.12082972829818,4.551,sw,40,4.0,1.7999999999999998,0.4,1.4,380,
2021-09-07,Bardiya,28.1662713,81.5011554,91.9289012459606,4.854,sw,70,4.0,2.5,0.7,1.8,379,
2021-09-07,Bardiya,28.1538862,81.5002813,88.31611511097425,4.854,sw,30,5.0,2.8,0.3,2.5,378,
2021-09-07,Bardiya,28.1474986,81.499162,100.04406146320933,4.551,sw,40,5.0,3,0.4,2.6,377,
2021-09-07,Banke,28.1113638,81.5213918,90.58211696262326,4.854,sw,23,3.0,1.3,0.23,1.07,365,bk-sw-19_1
2021-09-07,Banke,28.0818565,81.5465102,90.85760454070288,4.854,dt,37,13.0,10,0.37,9.63,364,bk-dw-01
2021-09-07,Banke,28.0513238,81.6024334,87.75742963562313,4.854,dt,27,5.0,1.6,0.27,1.33,363,bk-dw-05
2021-09-07,Banke,28.0960504,81.5211613,86.63189716751369,4.854,dt,25,13.0,10.05,0.25,9.8,368,bk-dw-02
2021-09-07,Banke,28.1223546,81.5165784,73.26685402439527,4.854,dt,42,13.0,10.3,0.42,9.88,367,bk-dw-03
2021-09-07,Banke,28.1132817,81.5173565,83.34289206212236,4.803,dt,49,10.0,2.95,0.49,2.46,366,bk-dw-04_1
2021-09-08,Banke,28.1876179,81.630129,114.8705532633347,4.854,sw,65,3.0,0.7000000000000002,0.65,0.05,372,bk-sw-04
2021-09-08,Banke,28.1920221,81.5746575,99.71410433634802,4.551,sw,29,3.0,0.5,0.29,0.21,371,bk-sw-05_1
2021-09-08,Banke,28.2065531,81.6304498,107.86527010309547,4.803,sw,40,7.0,4.85,0.4,4.45,370,bk-sw-03
2021-09-08,Banke,28.1962343,81.7119338,103.90710990480102,4.803,sw,20,5.0,1.9300000000000002,0.2,1.73,369,bk-sw-01
2021-09-12,Bardiya,28.1922522,81.4796296,96.1243890657989,4.551,sw,75,4.0,2.1,0.75,1.35,393,
2021-09-12,Bardiya,28.2122946,81.4884326,117.25003310626127,4.803,sw,45,4.0,2,0.45,1.55,391,
2021-09-12,Bardiya,28.2444052,81.5128219,101.22005221474916,4.854,sw,40,3.0,1,0.4,0.6,390,
2021-09-12,Bardiya,28.1993156,81.4792928,96.25054393828414,4.551,sw,60,4.0,2,0.6,1.4,392,
2021-09-12,Bardiya,28.2335276,81.5000187,106.90201658014146,4.551,sw,10,3.0,1.6,0.1,1.5,388,
2021-09-12,Bardiya,28.226091,81.4953111,94.29287800158897,4.551,sw,40,3.0,1.5,0.4,1.1,387,
2021-09-12,Bardiya,28.2169479,81.4894274,99.68052849396776,4.854,sw,0,2.0,0.8,0,0.8,386,
2021-09-12,Bardiya,28.2388092,81.5062069,103.07241555304265,4.551,sw,32,3.0,1.4,0.32,1.08,389,
2021-09-13,Bardiya,28.0731804,81.5542066,0.4915962810865412,4.803,sw,10,2.0,0.5,0.1,0.4,394,
2021-09-13,Bardiya,28.0731044,81.5543669,-3.1539072504663217,4.854,sw,55,2.0,1,0.55,0.45,395,
2021-09-13,Bardiya,28.0730263,81.5543058,82.83375916202455,4.551,sw,60,4.0,2,0.6,1.4,396,
2021-09-26,Banke,28.0507303,81.5861029,90.47789041840501,4.854,sw,55,5.0,2,0.55,1.45,397,bk-sw-28
2021-09-28,Banke,28.0241387,81.6002805,58.40308570033421,4.854,sw,50,5.0,1.5,0.5,1,398,bk-sw-11_1
2021-09-28,Banke,28.0020633,81.652309,79.92243499654568,4.854,sw,40,5.0,2.4,0.4,2,399,bk-sw-29
2021-09-28,Banke,28.0151131,81.6543638,82.44263183390578,4.854,sw,60,3.0,1.04,0.6,0.44,400,bk-sw-09_1
2021-09-30,Banke,28.1317725,81.6588858,104.20768380099287,4.854,sw,45,3.0,0.7999999999999998,0.45,0.35,401,bk-sw-06_1
2021-09-30,Banke,28.0928222,81.6478796,97.2902611252592,4.551,sw,15,2.0,1.5,0.15,1.35,402,bk-sw-07_1
2021-09-30,Banke,28.0812201,81.6450983,87.95629127928015,4.854,sw,54,5.0,1.9,0.54,1.36,403,bk-sw-24_1
2021-10-03,Banke,27.9833824,81.7133343,74.69179583409878,4.551,sw,70,5.0,2.4,0.7,1.7,406,bk-sw-10_1
2021-10-03,Banke,28.0285311,81.6946902,88.93745433623448,4.551,sw,55,5.0,3.25,0.55,2.7,405,bk-sw-30
2021-10-03,Banke,28.049303,81.6615747,87.47063928258464,4.551,sw,36,5.0,3.35,0.36,2.99,404,bk-sw-08_1
2021-10-04,Banke,28.0781038,81.5932659,79.50596605482953,4.551,sw,25,3.0,0.9700000000000002,0.25,0.72,407,bk-sw-26
2021-10-04,Banke,28.0830133,81.5956468,92.7578327602495,4.854,sw,40,2.4,1.9,0.4,1.5,408,bk-sw-27
2021-10-04,Banke,28.1061675,81.5971345,88.16146107306153,4.551,sw,35,2.0,1.5,0.35,1.15,409,bk-sw-25_1
2021-10-04,Banke,28.1287975,81.5894002,102.39494594284393,4.803,sw,15,3.0,0.48,0.15,0.33,410,bk-sw-17_1
2021-10-04,Banke,28.1465674,81.5520356,98.51476683301878,4.854,sw,27,3.0,0.7000000000000002,0.27,0.43,411,bk-sw-18_1
2021-10-06,Bardiya,28.085299,81.516459,98.60711908446943,4.854,dt,25,10.0,8,0.25,7.75,422,
2021-10-06,Banke,28.1961082,81.7117524,105.34562456187933,4.803,sw,20,5.0,2.1,0.2,1.9,412,bk-sw-01
2021-10-06,Banke,28.2064984,81.6307632,107.24532481132482,4.803,sw,40,7.0,5.15,0.4,4.75,413,bk-sw-03
2021-10-06,Banke,28.1920937,81.574594,102.79494243391265,4.803,sw,29,3.0,1.05,0.29,0.76,414,bk-sw-05_1
2021-10-06,Banke,28.1878276,81.6300228,84.37095991368994,4.803,sw,65,3.0,0.71,0.65,0.06,415,bk-sw-04
2021-10-06,Bardiya,28.0883764,81.5027355,91.33216506770893,4.803,dt,20,11.0,9,0.2,8.8,424,
2021-10-06,Bardiya,28.1036712,81.4854123,81.38455078403574,4.803,dt,10,10.0,8,0.1,7.9,425,
2021-10-06,Bardiya,28.0830126,81.5107427,80.62545583742525,4.854,dt,24,10.0,7,0.24,6.76,423,
2021-10-08,Banke,28.0819174,81.5465187,77.89609622343617,4.803,dt,37,13.0,9.48,0.37,9.11,421,bk-dw-01
2021-10-08,Banke,28.1113526,81.5212968,85.48003940223255,4.551,sw,23,5.0,1.5499999999999998,0.23,1.32,417,bk-sw-19_1
2021-10-08,Banke,28.1223249,81.516594,106.19268908330088,4.854,dt,42,13.0,9.7,0.42,9.28,419,bk-dw-03
2021-10-08,Banke,28.0513151,81.6024465,98.79857073128805,4.551,dt,27,5.0,1.65,0.27,1.38,416,bk-dw-05
2021-10-08,Banke,28.0960559,81.5211354,90.3489870280755,4.803,dt,25,13.0,9.55,0.25,9.3,420,bk-dw-02
2021-10-08,Banke,28.113233,81.5173833,95.30222257334277,4.854,dt,49,7.0,3.77,0.49,3.28,418,bk-dw-04_1
2021-10-12,Bardiya,28.1559183,81.5117741,85.97682771116185,4.854,sw,10,4.0,2.4,0.1,2.3,434,
2021-10-12,Bardiya,28.1452559,81.4981535,88.2386463613611,4.854,sw,40,4.0,2.8,0.4,2.4,426,
2021-10-12,Bardiya,28.1562665,81.5005746,88.41335025408009,4.854,sw,30,5.0,3,0.3,2.7,427,
2021-10-12,Bardiya,28.166306,81.5010353,91.78804502940031,4.551,sw,70,4.0,2.6,0.7,1.9,428,
2021-10-12,Bardiya,28.1878611,81.4801049,87.51999785993428,4.854,sw,40,3.0,2,0.4,1.6,429,
2021-10-12,Bardiya,28.1896944,81.3836126,61.238448145215195,4.854,sw,30,3.0,2,0.3,1.7,430,
2021-10-12,Bardiya,28.1920855,81.3732363,78.79320052119417,4.803,sw,40,4.0,2.1,0.4,1.7,431,
2021-10-12,Bardiya,28.1865225,81.4479033,89.65508764447233,4.854,sw,50,2.0,1,0.5,0.5,432,
2021-10-12,Bardiya,28.1825539,81.4844571,91.38349691206109,4.854,sw,40,11.0,9.2,0.4,8.8,433,
2021-10-15,Bardiya,28.2071784,81.4838507,98.39189983543315,4.803,sw,75,4.0,2.3,0.75,1.55,442,
2021-10-15,Bardiya,28.2444451,81.5127973,92.14272418477766,4.803,sw,60,4.0,2.2,0.6,1.6,441,
2021-10-15,Bardiya,28.2425486,81.5055268,96.01008300580189,4.854,sw,45,3.0,1.2,0.45,0.75,440,
2021-10-15,Bardiya,28.2437477,81.5130723,106.7801561936292,4.551,sw,40,3.0,1.2,0.4,0.8,439,
2021-10-15,Bardiya,28.1976733,81.4789547,98.48561260351151,4.803,sw,0,3.0,1,0,1,435,
2021-10-15,Bardiya,28.2170117,81.4892784,94.66095912872512,4.803,sw,10,4.0,1.9,0.1,1.8,437,
2021-10-15,Bardiya,28.210312,81.4864322,110.66125471119821,4.803,sw,40,3.0,1.7,0.4,1.3,436,
2021-10-15,Bardiya,28.2322851,81.4993198,97.84823328400846,4.803,sw,32,3.0,1.5,0.32,1.18,438,
2021-10-16,Bardiya,28.0720919,81.5550368,92.81488914200959,4.854,sw,60,4.0,2.4,0.6,1.8,445,
2021-10-16,Bardiya,28.0731593,81.554286,100.66887849384196,4.854,sw,10,2.0,0.6000000000000001,0.1,0.5,443,
2021-10-16,Bardiya,28.0711246,81.5538187,92.79194893201338,4.803,sw,55,3.0,1.2,0.55,0.65,444,
2021-10-20,Banke,27.9833684,81.7132839,90.25422074174469,4.551,sw,70,5.0,2.25,0.7,1.55,448,bk-sw-10_1
2021-10-20,Banke,28.0493635,81.6616502,102.57920282519008,4.803,sw,36,5.0,3.4,0.36,3.04,446,bk-sw-08_1
2021-10-20,Banke,28.0285801,81.694804,107.65959072169588,4.854,sw,55,5.0,3.3,0.55,2.75,447,bk-sw-30
2021-10-21,Banke,28.0283639,81.602583,98.75020861060798,4.551,sw,50,1.45,0.95,0.5,0.45,449,bk-sw-11_1
2021-10-21,Banke,28.0020431,81.6524228,84.12826670821826,4.551,sw,40,5.0,2.45,0.4,2.05,450,bk-sw-29
2021-10-21,Banke,28.0150956,81.6542827,87.47319616024598,4.551,sw,60,3.0,0.9500000000000002,0.6,0.35,451,bk-sw-09_1
2021-10-22,Banke,28.1317362,81.6588142,103.41554129695938,4.854,sw,45,3.0,0.69,0.45,0.24,452,bk-sw-06_1
2021-10-22,Banke,28.0927522,81.6478239,98.36762644492656,4.854,sw,15,1.95,1.45,0.15,1.3,453,bk-sw-07_1
2021-10-22,Banke,28.0812856,81.6450175,100.63698985315025,4.803,sw,54,5.0,1.7999999999999998,0.54,1.26,454,bk-sw-24_1
2021-10-24,Banke,28.1287239,81.589387,96.60421737853562,4.551,sw,15,3.0,0.3700000000000001,0.15,0.22,459,bk-sw-17_1
2021-10-24,Banke,28.1465669,81.5520267,93.3453989615118,4.854,sw,27,3.0,0.7400000000000002,0.27,0.47,460,bk-sw-18_1
2021-10-24,Banke,28.1061608,81.5971781,100.01460948524333,4.854,sw,35,2.15,1.5499999999999998,0.35,1.2,458,bk-sw-25_1
2021-10-24,Banke,28.0829716,81.595656,103.71817745539468,4.854,sw,40,2.55,1.9499999999999997,0.4,1.55,457,bk-sw-27
2021-10-24,Banke,28.0780824,81.593225,77.03244144936788,4.854,sw,25,3.0,1.05,0.25,0.8,456,bk-sw-26
2021-10-24,Banke,28.0507229,81.5860403,82.18935336394883,4.854,sw,55,5.0,2.1,0.55,1.55,455,bk-sw-28
2021-10-25,Banke,28.1960695,81.7117072,120.62219616866865,4.551,sw,20,5.0,2.25,0.2,2.05,461,bk-sw-01
2021-10-25,Banke,28.2065247,81.6307685,109.33298860136298,4.854,sw,40,8.0,5.75,0.4,5.35,462,bk-sw-03
2021-10-25,Banke,28.1920628,81.5746382,94.73837988236166,4.803,sw,29,5.0,1.2999999999999998,0.29,1.01,463,bk-sw-05_1
2021-10-25,Banke,28.1873503,81.6300636,104.47751033991159,4.551,sw,65,3.0,0.77,0.65,0.12,464,bk-sw-04
2021-10-26,Banke,28.1223338,81.5165554,95.78307308977416,4.803,dt,42,13.0,9.6,0.42,9.18,468,bk-dw-03
2021-10-26,Banke,28.1132952,81.5173781,89.97132295536834,4.551,dt,49,7.0,3.95,0.49,3.46,467,bk-dw-04_1
2021-10-26,Banke,28.096113,81.5211103,77.46050530308065,4.854,dt,25,13.0,9.45,0.25,9.2,469,bk-dw-02
2021-10-26,Banke,28.0512998,81.6024539,84.85954559111885,4.854,dt,27,5.0,1.7999999999999998,0.27,1.53,465,bk-dw-05
2021-10-26,Banke,28.1115232,81.5216592,89.6729538979625,4.551,sw,23,5.0,1.75,0.23,1.52,466,bk-sw-19_1
2021-10-26,Banke,28.0818888,81.5464884,95.1453101784723,4.854,dt,37,13.0,9.35,0.37,8.98,470,bk-dw-01
